Peptide,Protein Gene,Protein,Replicate,Library Dot Product,Peptide Retention Time,Ratio To Standard,Quantification,Total Area,Isotope Label Type,Protein Name,Protein Description,Protein Preferred Name
TPNPDIVCNK,TRMU MTU1 TRMT1,TRMU IPI:IPI00026555.1|SWISS-PROT:O75648-1|ENSEMBL:ENSP00000290846|REFSEQ:NP_060476|H-INV:HIT000084046|VEGA:OTTHUMP00000028848;OTTHUMP00000197329,IV167_F2_MTendo,0.5613,56.06,0.5927,Normalized Area: 2.1594E+5,215943,light,TRMU IPI:IPI00026555.1|SWISS-PROT:O75648-1|ENSEMBL:ENSP00000290846|REFSEQ:NP_060476|H-INV:HIT000084046|VEGA:OTTHUMP00000028848;OTTHUMP00000197329,Tax_Id=9606 Gene_Symbol=TRMU Isoform 1 of Mitochondrial tRNA-specific 2-thiouridylase 1,MTU1_HUMAN
TPNPDIVCNK,TRMU MTU1 TRMT1,TRMU IPI:IPI00026555.1|SWISS-PROT:O75648-1|ENSEMBL:ENSP00000290846|REFSEQ:NP_060476|H-INV:HIT000084046|VEGA:OTTHUMP00000028848;OTTHUMP00000197329,IV167_R2_MTendo,0.644,56.68,6.194,Normalized Area: 8.3473E+4,83473,light,TRMU IPI:IPI00026555.1|SWISS-PROT:O75648-1|ENSEMBL:ENSP00000290846|REFSEQ:NP_060476|H-INV:HIT000084046|VEGA:OTTHUMP00000028848;OTTHUMP00000197329,Tax_Id=9606 Gene_Symbol=TRMU Isoform 1 of Mitochondrial tRNA-specific 2-thiouridylase 1,MTU1_HUMAN
TPNPDIVCNK,TRMU MTU1 TRMT1,TRMU IPI:IPI00026555.1|SWISS-PROT:O75648-1|ENSEMBL:ENSP00000290846|REFSEQ:NP_060476|H-INV:HIT000084046|VEGA:OTTHUMP00000028848;OTTHUMP00000197329,IV167_F2_MTendo,0.9012,56.06,0.5927,Normalized Area: 2.1594E+5,364309,heavy,TRMU IPI:IPI00026555.1|SWISS-PROT:O75648-1|ENSEMBL:ENSP00000290846|REFSEQ:NP_060476|H-INV:HIT000084046|VEGA:OTTHUMP00000028848;OTTHUMP00000197329,Tax_Id=9606 Gene_Symbol=TRMU Isoform 1 of Mitochondrial tRNA-specific 2-thiouridylase 1,MTU1_HUMAN
TPNPDIVCNK,TRMU MTU1 TRMT1,TRMU IPI:IPI00026555.1|SWISS-PROT:O75648-1|ENSEMBL:ENSP00000290846|REFSEQ:NP_060476|H-INV:HIT000084046|VEGA:OTTHUMP00000028848;OTTHUMP00000197329,IV167_R2_MTendo,0.4964,56.68,6.194,Normalized Area: 8.3473E+4,13476,heavy,TRMU IPI:IPI00026555.1|SWISS-PROT:O75648-1|ENSEMBL:ENSP00000290846|REFSEQ:NP_060476|H-INV:HIT000084046|VEGA:OTTHUMP00000028848;OTTHUMP00000197329,Tax_Id=9606 Gene_Symbol=TRMU Isoform 1 of Mitochondrial tRNA-specific 2-thiouridylase 1,MTU1_HUMAN
LGFVVGR,MTO1 CGI-02,MTO1 IPI:IPI00032630.2|SWISS-PROT:Q9Y2Z2-1|ENSEMBL:ENSP00000359323|REFSEQ:NP_598400|H-INV:HIT000084227|VEGA:OTTHUMP00000016740,IV167_F2_MTendo,0.9695,77.09,0.4746,Normalized Area: 7.5224E+5,752239,light,MTO1 IPI:IPI00032630.2|SWISS-PROT:Q9Y2Z2-1|ENSEMBL:ENSP00000359323|REFSEQ:NP_598400|H-INV:HIT000084227|VEGA:OTTHUMP00000016740,"Tax_Id=9606 Gene_Symbol=MTO1 Isoform 3 of Protein MTO1 homolog, mitochondrial",MTO1_HUMAN
LGFVVGR,MTO1 CGI-02,MTO1 IPI:IPI00032630.2|SWISS-PROT:Q9Y2Z2-1|ENSEMBL:ENSP00000359323|REFSEQ:NP_598400|H-INV:HIT000084227|VEGA:OTTHUMP00000016740,IV167_R2_MTendo,0.9719,78.62,2.451,Normalized Area: 1.3836E+6,1383579,light,MTO1 IPI:IPI00032630.2|SWISS-PROT:Q9Y2Z2-1|ENSEMBL:ENSP00000359323|REFSEQ:NP_598400|H-INV:HIT000084227|VEGA:OTTHUMP00000016740,"Tax_Id=9606 Gene_Symbol=MTO1 Isoform 3 of Protein MTO1 homolog, mitochondrial",MTO1_HUMAN
LGFVVGR,MTO1 CGI-02,MTO1 IPI:IPI00032630.2|SWISS-PROT:Q9Y2Z2-1|ENSEMBL:ENSP00000359323|REFSEQ:NP_598400|H-INV:HIT000084227|VEGA:OTTHUMP00000016740,IV167_F2_MTendo,0.9865,77.09,0.4746,Normalized Area: 7.5224E+5,1585032,heavy,MTO1 IPI:IPI00032630.2|SWISS-PROT:Q9Y2Z2-1|ENSEMBL:ENSP00000359323|REFSEQ:NP_598400|H-INV:HIT000084227|VEGA:OTTHUMP00000016740,"Tax_Id=9606 Gene_Symbol=MTO1 Isoform 3 of Protein MTO1 homolog, mitochondrial",MTO1_HUMAN
LGFVVGR,MTO1 CGI-02,MTO1 IPI:IPI00032630.2|SWISS-PROT:Q9Y2Z2-1|ENSEMBL:ENSP00000359323|REFSEQ:NP_598400|H-INV:HIT000084227|VEGA:OTTHUMP00000016740,IV167_R2_MTendo,0.978,78.62,2.451,Normalized Area: 1.3836E+6,564493,heavy,MTO1 IPI:IPI00032630.2|SWISS-PROT:Q9Y2Z2-1|ENSEMBL:ENSP00000359323|REFSEQ:NP_598400|H-INV:HIT000084227|VEGA:OTTHUMP00000016740,"Tax_Id=9606 Gene_Symbol=MTO1 Isoform 3 of Protein MTO1 homolog, mitochondrial",MTO1_HUMAN
VAPEEHPVLLTEAPLNPK,ACTB,ACTB IPI:IPI00021439.1|SWISS-PROT:P60709|TREMBL:B4DW52;B7ZAP6;Q1KLZ0;Q53G76;Q53G99;Q562L5;Q562L6;Q562L9;Q562M3;Q562M5;Q562N0;Q562N2;Q562N8;Q562P0;Q562R8;Q562S0;Q562U1;Q562U2;Q562V5;Q562X7;Q562X9;Q562Y6;Q562Y8;Q562Z4;Q562Z6;Q562Z7;Q6PJ43;Q8WVW5|ENSEMBL:ENSP00000349960|REFSEQ:NP_001092|H-INV:HIT000276298|VEGA:OTTHUMP00000024886,IV167_F2_MTendo,0.9245,88.6,0.9285,Normalized Area: 1.1491E+8,114907496,light,ACTB IPI:IPI00021439.1|SWISS-PROT:P60709|TREMBL:B4DW52;B7ZAP6;Q1KLZ0;Q53G76;Q53G99;Q562L5;Q562L6;Q562L9;Q562M3;Q562M5;Q562N0;Q562N2;Q562N8;Q562P0;Q562R8;Q562S0;Q562U1;Q562U2;Q562V5;Q562X7;Q562X9;Q562Y6;Q562Y8;Q562Z4;Q562Z6;Q562Z7;Q6PJ43;Q8WVW5|ENSEMBL:ENSP00000349960|REFSEQ:NP_001092|H-INV:HIT000276298|VEGA:OTTHUMP00000024886,"Tax_Id=9606 Gene_Symbol=ACTB Actin, cytoplasmic 1",ACTB_HUMAN
VAPEEHPVLLTEAPLNPK,ACTB,ACTB IPI:IPI00021439.1|SWISS-PROT:P60709|TREMBL:B4DW52;B7ZAP6;Q1KLZ0;Q53G76;Q53G99;Q562L5;Q562L6;Q562L9;Q562M3;Q562M5;Q562N0;Q562N2;Q562N8;Q562P0;Q562R8;Q562S0;Q562U1;Q562U2;Q562V5;Q562X7;Q562X9;Q562Y6;Q562Y8;Q562Z4;Q562Z6;Q562Z7;Q6PJ43;Q8WVW5|ENSEMBL:ENSP00000349960|REFSEQ:NP_001092|H-INV:HIT000276298|VEGA:OTTHUMP00000024886,IV167_R2_MTendo,0.9299,90.24,1.1162,Normalized Area: 1.3072E+8,130719320,light,ACTB IPI:IPI00021439.1|SWISS-PROT:P60709|TREMBL:B4DW52;B7ZAP6;Q1KLZ0;Q53G76;Q53G99;Q562L5;Q562L6;Q562L9;Q562M3;Q562M5;Q562N0;Q562N2;Q562N8;Q562P0;Q562R8;Q562S0;Q562U1;Q562U2;Q562V5;Q562X7;Q562X9;Q562Y6;Q562Y8;Q562Z4;Q562Z6;Q562Z7;Q6PJ43;Q8WVW5|ENSEMBL:ENSP00000349960|REFSEQ:NP_001092|H-INV:HIT000276298|VEGA:OTTHUMP00000024886,"Tax_Id=9606 Gene_Symbol=ACTB Actin, cytoplasmic 1",ACTB_HUMAN
VAPEEHPVLLTEAPLNPK,ACTB,ACTB IPI:IPI00021439.1|SWISS-PROT:P60709|TREMBL:B4DW52;B7ZAP6;Q1KLZ0;Q53G76;Q53G99;Q562L5;Q562L6;Q562L9;Q562M3;Q562M5;Q562N0;Q562N2;Q562N8;Q562P0;Q562R8;Q562S0;Q562U1;Q562U2;Q562V5;Q562X7;Q562X9;Q562Y6;Q562Y8;Q562Z4;Q562Z6;Q562Z7;Q6PJ43;Q8WVW5|ENSEMBL:ENSP00000349960|REFSEQ:NP_001092|H-INV:HIT000276298|VEGA:OTTHUMP00000024886,IV167_F2_MTendo,0.925,88.6,0.9285,Normalized Area: 1.1491E+8,123749408,heavy,ACTB IPI:IPI00021439.1|SWISS-PROT:P60709|TREMBL:B4DW52;B7ZAP6;Q1KLZ0;Q53G76;Q53G99;Q562L5;Q562L6;Q562L9;Q562M3;Q562M5;Q562N0;Q562N2;Q562N8;Q562P0;Q562R8;Q562S0;Q562U1;Q562U2;Q562V5;Q562X7;Q562X9;Q562Y6;Q562Y8;Q562Z4;Q562Z6;Q562Z7;Q6PJ43;Q8WVW5|ENSEMBL:ENSP00000349960|REFSEQ:NP_001092|H-INV:HIT000276298|VEGA:OTTHUMP00000024886,"Tax_Id=9606 Gene_Symbol=ACTB Actin, cytoplasmic 1",ACTB_HUMAN
VAPEEHPVLLTEAPLNPK,ACTB,ACTB IPI:IPI00021439.1|SWISS-PROT:P60709|TREMBL:B4DW52;B7ZAP6;Q1KLZ0;Q53G76;Q53G99;Q562L5;Q562L6;Q562L9;Q562M3;Q562M5;Q562N0;Q562N2;Q562N8;Q562P0;Q562R8;Q562S0;Q562U1;Q562U2;Q562V5;Q562X7;Q562X9;Q562Y6;Q562Y8;Q562Z4;Q562Z6;Q562Z7;Q6PJ43;Q8WVW5|ENSEMBL:ENSP00000349960|REFSEQ:NP_001092|H-INV:HIT000276298|VEGA:OTTHUMP00000024886,IV167_R2_MTendo,0.9526,90.24,1.1162,Normalized Area: 1.3072E+8,117113352,heavy,ACTB IPI:IPI00021439.1|SWISS-PROT:P60709|TREMBL:B4DW52;B7ZAP6;Q1KLZ0;Q53G76;Q53G99;Q562L5;Q562L6;Q562L9;Q562M3;Q562M5;Q562N0;Q562N2;Q562N8;Q562P0;Q562R8;Q562S0;Q562U1;Q562U2;Q562V5;Q562X7;Q562X9;Q562Y6;Q562Y8;Q562Z4;Q562Z6;Q562Z7;Q6PJ43;Q8WVW5|ENSEMBL:ENSP00000349960|REFSEQ:NP_001092|H-INV:HIT000276298|VEGA:OTTHUMP00000024886,"Tax_Id=9606 Gene_Symbol=ACTB Actin, cytoplasmic 1",ACTB_HUMAN
LSVISVEDPPQR,ETFB FP585,ETFB IPI:IPI00004902.1|SWISS-PROT:P38117-1|TREMBL:A8K766|ENSEMBL:ENSP00000311930|REFSEQ:NP_001976|H-INV:HIT000323151|VEGA:OTTHUMP00000076475;OTTHUMP00000083400,IV167_F2_MTendo,0.9499,77.65,3.0109,Normalized Area: 2.6727E+7,26727468,light,ETFB IPI:IPI00004902.1|SWISS-PROT:P38117-1|TREMBL:A8K766|ENSEMBL:ENSP00000311930|REFSEQ:NP_001976|H-INV:HIT000323151|VEGA:OTTHUMP00000076475;OTTHUMP00000083400,Tax_Id=9606 Gene_Symbol=ETFB Isoform 1 of Electron transfer flavoprotein subunit beta,ETFB_HUMAN
LSVISVEDPPQR,ETFB FP585,ETFB IPI:IPI00004902.1|SWISS-PROT:P38117-1|TREMBL:A8K766|ENSEMBL:ENSP00000311930|REFSEQ:NP_001976|H-INV:HIT000323151|VEGA:OTTHUMP00000076475;OTTHUMP00000083400,IV167_R2_MTendo,0.9192,79.69,0.5053,Normalized Area: 2.0447E+6,2044735,light,ETFB IPI:IPI00004902.1|SWISS-PROT:P38117-1|TREMBL:A8K766|ENSEMBL:ENSP00000311930|REFSEQ:NP_001976|H-INV:HIT000323151|VEGA:OTTHUMP00000076475;OTTHUMP00000083400,Tax_Id=9606 Gene_Symbol=ETFB Isoform 1 of Electron transfer flavoprotein subunit beta,ETFB_HUMAN
LSVISVEDPPQR,ETFB FP585,ETFB IPI:IPI00004902.1|SWISS-PROT:P38117-1|TREMBL:A8K766|ENSEMBL:ENSP00000311930|REFSEQ:NP_001976|H-INV:HIT000323151|VEGA:OTTHUMP00000076475;OTTHUMP00000083400,IV167_F2_MTendo,0.9555,77.65,3.0109,Normalized Area: 2.6727E+7,8876808,heavy,ETFB IPI:IPI00004902.1|SWISS-PROT:P38117-1|TREMBL:A8K766|ENSEMBL:ENSP00000311930|REFSEQ:NP_001976|H-INV:HIT000323151|VEGA:OTTHUMP00000076475;OTTHUMP00000083400,Tax_Id=9606 Gene_Symbol=ETFB Isoform 1 of Electron transfer flavoprotein subunit beta,ETFB_HUMAN
LSVISVEDPPQR,ETFB FP585,ETFB IPI:IPI00004902.1|SWISS-PROT:P38117-1|TREMBL:A8K766|ENSEMBL:ENSP00000311930|REFSEQ:NP_001976|H-INV:HIT000323151|VEGA:OTTHUMP00000076475;OTTHUMP00000083400,IV167_R2_MTendo,0.9351,79.69,0.5053,Normalized Area: 2.0447E+6,4046449,heavy,ETFB IPI:IPI00004902.1|SWISS-PROT:P38117-1|TREMBL:A8K766|ENSEMBL:ENSP00000311930|REFSEQ:NP_001976|H-INV:HIT000323151|VEGA:OTTHUMP00000076475;OTTHUMP00000083400,Tax_Id=9606 Gene_Symbol=ETFB Isoform 1 of Electron transfer flavoprotein subunit beta,ETFB_HUMAN
GTSFDAAATSGGSASSEK,ETFA,ETFA IPI:IPI00010810.1|SWISS-PROT:P13804|TREMBL:Q53XN3|ENSEMBL:ENSP00000267950|REFSEQ:NP_000117|H-INV:HIT000273184|VEGA:OTTHUMP00000176507,IV167_F2_MTendo,0.9561,53.59,2.4427,Normalized Area: 3.9667E+5,396668,light,ETFA IPI:IPI00010810.1|SWISS-PROT:P13804|TREMBL:Q53XN3|ENSEMBL:ENSP00000267950|REFSEQ:NP_000117|H-INV:HIT000273184|VEGA:OTTHUMP00000176507,"Tax_Id=9606 Gene_Symbol=ETFA Electron transfer flavoprotein subunit alpha, mitochondrial",ETFA_HUMAN
GTSFDAAATSGGSASSEK,ETFA,ETFA IPI:IPI00010810.1|SWISS-PROT:P13804|TREMBL:Q53XN3|ENSEMBL:ENSP00000267950|REFSEQ:NP_000117|H-INV:HIT000273184|VEGA:OTTHUMP00000176507,IV167_R2_MTendo,0.938,54.94,0.4809,Normalized Area: 6.8052E+5,680524,light,ETFA IPI:IPI00010810.1|SWISS-PROT:P13804|TREMBL:Q53XN3|ENSEMBL:ENSP00000267950|REFSEQ:NP_000117|H-INV:HIT000273184|VEGA:OTTHUMP00000176507,"Tax_Id=9606 Gene_Symbol=ETFA Electron transfer flavoprotein subunit alpha, mitochondrial",ETFA_HUMAN
GTSFDAAATSGGSASSEK,ETFA,ETFA IPI:IPI00010810.1|SWISS-PROT:P13804|TREMBL:Q53XN3|ENSEMBL:ENSP00000267950|REFSEQ:NP_000117|H-INV:HIT000273184|VEGA:OTTHUMP00000176507,IV167_F2_MTendo,0.9475,53.59,2.4427,Normalized Area: 3.9667E+5,162390,heavy,ETFA IPI:IPI00010810.1|SWISS-PROT:P13804|TREMBL:Q53XN3|ENSEMBL:ENSP00000267950|REFSEQ:NP_000117|H-INV:HIT000273184|VEGA:OTTHUMP00000176507,"Tax_Id=9606 Gene_Symbol=ETFA Electron transfer flavoprotein subunit alpha, mitochondrial",ETFA_HUMAN
GTSFDAAATSGGSASSEK,ETFA,ETFA IPI:IPI00010810.1|SWISS-PROT:P13804|TREMBL:Q53XN3|ENSEMBL:ENSP00000267950|REFSEQ:NP_000117|H-INV:HIT000273184|VEGA:OTTHUMP00000176507,IV167_R2_MTendo,0.9767,54.94,0.4809,Normalized Area: 6.8052E+5,1414963,heavy,ETFA IPI:IPI00010810.1|SWISS-PROT:P13804|TREMBL:Q53XN3|ENSEMBL:ENSP00000267950|REFSEQ:NP_000117|H-INV:HIT000273184|VEGA:OTTHUMP00000176507,"Tax_Id=9606 Gene_Symbol=ETFA Electron transfer flavoprotein subunit alpha, mitochondrial",ETFA_HUMAN
WGDAGAEYVVESTGVFTTMEK,GAPDH GAPD CDABP0047 OK/SW-cl.12,GAPDH IPI:IPI00219018.7|SWISS-PROT:P04406|ENSEMBL:ENSP00000229239;ENSP00000380068;ENSP00000380070;ENSP00000384819|REFSEQ:NP_002037|H-INV:HIT000034167|VEGA:OTTHUMP00000166331;OTTHUMP00000174430;OTTHUMP00000174431;OTTHUMP00000174432,IV167_F2_MTendo,0.8916,121.56,1.4427,Normalized Area: 8.8765E+6,8876515,light,GAPDH IPI:IPI00219018.7|SWISS-PROT:P04406|ENSEMBL:ENSP00000229239;ENSP00000380068;ENSP00000380070;ENSP00000384819|REFSEQ:NP_002037|H-INV:HIT000034167|VEGA:OTTHUMP00000166331;OTTHUMP00000174430;OTTHUMP00000174431;OTTHUMP00000174432,Tax_Id=9606 Gene_Symbol=GAPDH Glyceraldehyde-3-phosphate dehydrogenase,G3P_HUMAN
WGDAGAEYVVESTGVFTTMEK,GAPDH GAPD CDABP0047 OK/SW-cl.12,GAPDH IPI:IPI00219018.7|SWISS-PROT:P04406|ENSEMBL:ENSP00000229239;ENSP00000380068;ENSP00000380070;ENSP00000384819|REFSEQ:NP_002037|H-INV:HIT000034167|VEGA:OTTHUMP00000166331;OTTHUMP00000174430;OTTHUMP00000174431;OTTHUMP00000174432,IV167_R2_MTendo,0.9021,122.75,0.5954,Normalized Area: 4.9643E+6,4964286,light,GAPDH IPI:IPI00219018.7|SWISS-PROT:P04406|ENSEMBL:ENSP00000229239;ENSP00000380068;ENSP00000380070;ENSP00000384819|REFSEQ:NP_002037|H-INV:HIT000034167|VEGA:OTTHUMP00000166331;OTTHUMP00000174430;OTTHUMP00000174431;OTTHUMP00000174432,Tax_Id=9606 Gene_Symbol=GAPDH Glyceraldehyde-3-phosphate dehydrogenase,G3P_HUMAN
WGDAGAEYVVESTGVFTTMEK,GAPDH GAPD CDABP0047 OK/SW-cl.12,GAPDH IPI:IPI00219018.7|SWISS-PROT:P04406|ENSEMBL:ENSP00000229239;ENSP00000380068;ENSP00000380070;ENSP00000384819|REFSEQ:NP_002037|H-INV:HIT000034167|VEGA:OTTHUMP00000166331;OTTHUMP00000174430;OTTHUMP00000174431;OTTHUMP00000174432,IV167_F2_MTendo,0.8827,121.56,1.4427,Normalized Area: 8.8765E+6,6152577,heavy,GAPDH IPI:IPI00219018.7|SWISS-PROT:P04406|ENSEMBL:ENSP00000229239;ENSP00000380068;ENSP00000380070;ENSP00000384819|REFSEQ:NP_002037|H-INV:HIT000034167|VEGA:OTTHUMP00000166331;OTTHUMP00000174430;OTTHUMP00000174431;OTTHUMP00000174432,Tax_Id=9606 Gene_Symbol=GAPDH Glyceraldehyde-3-phosphate dehydrogenase,G3P_HUMAN
WGDAGAEYVVESTGVFTTMEK,GAPDH GAPD CDABP0047 OK/SW-cl.12,GAPDH IPI:IPI00219018.7|SWISS-PROT:P04406|ENSEMBL:ENSP00000229239;ENSP00000380068;ENSP00000380070;ENSP00000384819|REFSEQ:NP_002037|H-INV:HIT000034167|VEGA:OTTHUMP00000166331;OTTHUMP00000174430;OTTHUMP00000174431;OTTHUMP00000174432,IV167_R2_MTendo,0.8996,122.75,0.5954,Normalized Area: 4.9643E+6,8338307,heavy,GAPDH IPI:IPI00219018.7|SWISS-PROT:P04406|ENSEMBL:ENSP00000229239;ENSP00000380068;ENSP00000380070;ENSP00000384819|REFSEQ:NP_002037|H-INV:HIT000034167|VEGA:OTTHUMP00000166331;OTTHUMP00000174430;OTTHUMP00000174431;OTTHUMP00000174432,Tax_Id=9606 Gene_Symbol=GAPDH Glyceraldehyde-3-phosphate dehydrogenase,G3P_HUMAN
LGANSLLDLVVFGR,,SDHA IPI:IPI00217143.3|TREMBL:Q8IW48|ENSEMBL:ENSP00000329450,IV167_F2_MTendo,0.9809,149.88,0.7539,Normalized Area: 1.4757E+7,14757488,light,SDHA IPI:IPI00217143.3|TREMBL:Q8IW48|ENSEMBL:ENSP00000329450,Tax_Id=9606 Gene_Symbol=SDHA SDHA protein,
LGANSLLDLVVFGR,,SDHA IPI:IPI00217143.3|TREMBL:Q8IW48|ENSEMBL:ENSP00000329450,IV167_R2_MTendo,0.9798,150.9,1.1047,Normalized Area: 1.7649E+7,17648634,light,SDHA IPI:IPI00217143.3|TREMBL:Q8IW48|ENSEMBL:ENSP00000329450,Tax_Id=9606 Gene_Symbol=SDHA SDHA protein,
LGANSLLDLVVFGR,,SDHA IPI:IPI00217143.3|TREMBL:Q8IW48|ENSEMBL:ENSP00000329450,IV167_F2_MTendo,0.9811,149.88,0.7539,Normalized Area: 1.4757E+7,19574476,heavy,SDHA IPI:IPI00217143.3|TREMBL:Q8IW48|ENSEMBL:ENSP00000329450,Tax_Id=9606 Gene_Symbol=SDHA SDHA protein,
LGANSLLDLVVFGR,,SDHA IPI:IPI00217143.3|TREMBL:Q8IW48|ENSEMBL:ENSP00000329450,IV167_R2_MTendo,0.9776,150.9,1.1047,Normalized Area: 1.7649E+7,15975436,heavy,SDHA IPI:IPI00217143.3|TREMBL:Q8IW48|ENSEMBL:ENSP00000329450,Tax_Id=9606 Gene_Symbol=SDHA SDHA protein,
GVSINQFCK,MRPL11 CGI-113,MRPL11 IPI:IPI00007001.1|SWISS-PROT:Q9Y3B7|TREMBL:Q53G19|ENSEMBL:ENSP00000308897|REFSEQ:NP_057134|H-INV:HIT000301658,IV167_F2_MTendo,0.9109,71.24,1.4453,Normalized Area: 6.4702E+6,6470245,light,MRPL11 IPI:IPI00007001.1|SWISS-PROT:Q9Y3B7|TREMBL:Q53G19|ENSEMBL:ENSP00000308897|REFSEQ:NP_057134|H-INV:HIT000301658,"Tax_Id=9606 Gene_Symbol=MRPL11 39S ribosomal protein L11, mitochondrial",RM11_HUMAN
GVSINQFCK,MRPL11 CGI-113,MRPL11 IPI:IPI00007001.1|SWISS-PROT:Q9Y3B7|TREMBL:Q53G19|ENSEMBL:ENSP00000308897|REFSEQ:NP_057134|H-INV:HIT000301658,IV167_R2_MTendo,0.8934,72.59,0.7537,Normalized Area: 3.6989E+6,3698928,light,MRPL11 IPI:IPI00007001.1|SWISS-PROT:Q9Y3B7|TREMBL:Q53G19|ENSEMBL:ENSP00000308897|REFSEQ:NP_057134|H-INV:HIT000301658,"Tax_Id=9606 Gene_Symbol=MRPL11 39S ribosomal protein L11, mitochondrial",RM11_HUMAN
GVSINQFCK,MRPL11 CGI-113,MRPL11 IPI:IPI00007001.1|SWISS-PROT:Q9Y3B7|TREMBL:Q53G19|ENSEMBL:ENSP00000308897|REFSEQ:NP_057134|H-INV:HIT000301658,IV167_F2_MTendo,0.9178,71.24,1.4453,Normalized Area: 6.4702E+6,4476867,heavy,MRPL11 IPI:IPI00007001.1|SWISS-PROT:Q9Y3B7|TREMBL:Q53G19|ENSEMBL:ENSP00000308897|REFSEQ:NP_057134|H-INV:HIT000301658,"Tax_Id=9606 Gene_Symbol=MRPL11 39S ribosomal protein L11, mitochondrial",RM11_HUMAN
GVSINQFCK,MRPL11 CGI-113,MRPL11 IPI:IPI00007001.1|SWISS-PROT:Q9Y3B7|TREMBL:Q53G19|ENSEMBL:ENSP00000308897|REFSEQ:NP_057134|H-INV:HIT000301658,IV167_R2_MTendo,0.9075,72.59,0.7537,Normalized Area: 3.6989E+6,4907550,heavy,MRPL11 IPI:IPI00007001.1|SWISS-PROT:Q9Y3B7|TREMBL:Q53G19|ENSEMBL:ENSP00000308897|REFSEQ:NP_057134|H-INV:HIT000301658,"Tax_Id=9606 Gene_Symbol=MRPL11 39S ribosomal protein L11, mitochondrial",RM11_HUMAN
VVLPIEAPIR,MT-CO2 COII COXII MTCO2,MT-CO2 IPI:IPI00017510.3|SWISS-PROT:P00403|TREMBL:A0S0W7;A0S2P1;A0S3T1;A0SA07;A1Z455;A1Z4V2;A4ZKZ0;A6YW54;A6YWD1;A6YXV0;A6Z3M5;A6Z6E8;A6ZEU4;A6ZF47;A6ZFK3;A6ZHA9;A7LDC6;A7LF11;A7LFA2;B0Z6W4;B1W855;B2CB37;B2WRY8;B2XHF9;B2XHT9;B2XIR3;B2XL43;B2XP28;B2XPS3;B2YKU2;B3DE06;B3GUF3;B5M7M0;C5H6K5;C5H6K6;C5H6K7;C5H6L3;C5H6M3;C5H6M4;C5H6M5;C5H6M7;C5H6M8;C8XWJ6;C8Y3G4;C8Y3Q5;C8YBL1;C9D661;D1G421;D2IKF4;D2K1G3;D2Y6Y1;D2Y6Y2;D3WYY7;D3WYY8;D3WYY9;D3YPT7;D5M8T1;D7NUN3;E0AE26;E0AF97;Q06TE6;Q09U41;Q0Z7D8;Q0Z7F1;Q0Z7J0;Q0Z7K3;Q0Z7S0;Q14XI3;Q14XT3;Q15HH9;Q19MP7;Q305H0;Q4EYL1;Q4EZD4;Q4F4V6;Q4F6A2;Q4GCC3;Q4GCG2;Q4GCZ4;Q4GHE1;Q4GQP0;Q4GVP5;Q4GW12;Q4R1L3;Q4R1L5;Q5S971;Q5SA98;Q5SAP1;Q5SB08;Q5XRW8;Q6R0V6;Q6RKW8;Q6RNN7;Q6RQ80;Q6VIG7;Q6VJD8;Q6VJJ3;Q7GXZ8;Q7Y626;Q7Y6M3;Q7Y6N0;Q7YCE6;Q7YEH2;Q85KS0;Q8HNR1;Q8HNR6;Q8HQB7;Q8WCW3;Q9B138;Q9B1F9;Q9B2U8|ENSEMBL:ENSP00000354876|REFSEQ:YP_003024029|H-INV:HIT000088112,IV167_F2_MTendo,0.9619,96.81,1.9316,Normalized Area: 7.7533E+6,7753349,light,MT-CO2 IPI:IPI00017510.3|SWISS-PROT:P00403|TREMBL:A0S0W7;A0S2P1;A0S3T1;A0SA07;A1Z455;A1Z4V2;A4ZKZ0;A6YW54;A6YWD1;A6YXV0;A6Z3M5;A6Z6E8;A6ZEU4;A6ZF47;A6ZFK3;A6ZHA9;A7LDC6;A7LF11;A7LFA2;B0Z6W4;B1W855;B2CB37;B2WRY8;B2XHF9;B2XHT9;B2XIR3;B2XL43;B2XP28;B2XPS3;B2YKU2;B3DE06;B3GUF3;B5M7M0;C5H6K5;C5H6K6;C5H6K7;C5H6L3;C5H6M3;C5H6M4;C5H6M5;C5H6M7;C5H6M8;C8XWJ6;C8Y3G4;C8Y3Q5;C8YBL1;C9D661;D1G421;D2IKF4;D2K1G3;D2Y6Y1;D2Y6Y2;D3WYY7;D3WYY8;D3WYY9;D3YPT7;D5M8T1;D7NUN3;E0AE26;E0AF97;Q06TE6;Q09U41;Q0Z7D8;Q0Z7F1;Q0Z7J0;Q0Z7K3;Q0Z7S0;Q14XI3;Q14XT3;Q15HH9;Q19MP7;Q305H0;Q4EYL1;Q4EZD4;Q4F4V6;Q4F6A2;Q4GCC3;Q4GCG2;Q4GCZ4;Q4GHE1;Q4GQP0;Q4GVP5;Q4GW12;Q4R1L3;Q4R1L5;Q5S971;Q5SA98;Q5SAP1;Q5SB08;Q5XRW8;Q6R0V6;Q6RKW8;Q6RNN7;Q6RQ80;Q6VIG7;Q6VJD8;Q6VJJ3;Q7GXZ8;Q7Y626;Q7Y6M3;Q7Y6N0;Q7YCE6;Q7YEH2;Q85KS0;Q8HNR1;Q8HNR6;Q8HQB7;Q8WCW3;Q9B138;Q9B1F9;Q9B2U8|ENSEMBL:ENSP00000354876|REFSEQ:YP_003024029|H-INV:HIT000088112,Tax_Id=9606 Gene_Symbol=MT-CO2 Cytochrome c oxidase subunit 2,COX2_HUMAN
VVLPIEAPIR,MT-CO2 COII COXII MTCO2,MT-CO2 IPI:IPI00017510.3|SWISS-PROT:P00403|TREMBL:A0S0W7;A0S2P1;A0S3T1;A0SA07;A1Z455;A1Z4V2;A4ZKZ0;A6YW54;A6YWD1;A6YXV0;A6Z3M5;A6Z6E8;A6ZEU4;A6ZF47;A6ZFK3;A6ZHA9;A7LDC6;A7LF11;A7LFA2;B0Z6W4;B1W855;B2CB37;B2WRY8;B2XHF9;B2XHT9;B2XIR3;B2XL43;B2XP28;B2XPS3;B2YKU2;B3DE06;B3GUF3;B5M7M0;C5H6K5;C5H6K6;C5H6K7;C5H6L3;C5H6M3;C5H6M4;C5H6M5;C5H6M7;C5H6M8;C8XWJ6;C8Y3G4;C8Y3Q5;C8YBL1;C9D661;D1G421;D2IKF4;D2K1G3;D2Y6Y1;D2Y6Y2;D3WYY7;D3WYY8;D3WYY9;D3YPT7;D5M8T1;D7NUN3;E0AE26;E0AF97;Q06TE6;Q09U41;Q0Z7D8;Q0Z7F1;Q0Z7J0;Q0Z7K3;Q0Z7S0;Q14XI3;Q14XT3;Q15HH9;Q19MP7;Q305H0;Q4EYL1;Q4EZD4;Q4F4V6;Q4F6A2;Q4GCC3;Q4GCG2;Q4GCZ4;Q4GHE1;Q4GQP0;Q4GVP5;Q4GW12;Q4R1L3;Q4R1L5;Q5S971;Q5SA98;Q5SAP1;Q5SB08;Q5XRW8;Q6R0V6;Q6RKW8;Q6RNN7;Q6RQ80;Q6VIG7;Q6VJD8;Q6VJJ3;Q7GXZ8;Q7Y626;Q7Y6M3;Q7Y6N0;Q7YCE6;Q7YEH2;Q85KS0;Q8HNR1;Q8HNR6;Q8HQB7;Q8WCW3;Q9B138;Q9B1F9;Q9B2U8|ENSEMBL:ENSP00000354876|REFSEQ:YP_003024029|H-INV:HIT000088112,IV167_R2_MTendo,0.9473,98.5,0.808,Normalized Area: 4.1826E+6,4182576,light,MT-CO2 IPI:IPI00017510.3|SWISS-PROT:P00403|TREMBL:A0S0W7;A0S2P1;A0S3T1;A0SA07;A1Z455;A1Z4V2;A4ZKZ0;A6YW54;A6YWD1;A6YXV0;A6Z3M5;A6Z6E8;A6ZEU4;A6ZF47;A6ZFK3;A6ZHA9;A7LDC6;A7LF11;A7LFA2;B0Z6W4;B1W855;B2CB37;B2WRY8;B2XHF9;B2XHT9;B2XIR3;B2XL43;B2XP28;B2XPS3;B2YKU2;B3DE06;B3GUF3;B5M7M0;C5H6K5;C5H6K6;C5H6K7;C5H6L3;C5H6M3;C5H6M4;C5H6M5;C5H6M7;C5H6M8;C8XWJ6;C8Y3G4;C8Y3Q5;C8YBL1;C9D661;D1G421;D2IKF4;D2K1G3;D2Y6Y1;D2Y6Y2;D3WYY7;D3WYY8;D3WYY9;D3YPT7;D5M8T1;D7NUN3;E0AE26;E0AF97;Q06TE6;Q09U41;Q0Z7D8;Q0Z7F1;Q0Z7J0;Q0Z7K3;Q0Z7S0;Q14XI3;Q14XT3;Q15HH9;Q19MP7;Q305H0;Q4EYL1;Q4EZD4;Q4F4V6;Q4F6A2;Q4GCC3;Q4GCG2;Q4GCZ4;Q4GHE1;Q4GQP0;Q4GVP5;Q4GW12;Q4R1L3;Q4R1L5;Q5S971;Q5SA98;Q5SAP1;Q5SB08;Q5XRW8;Q6R0V6;Q6RKW8;Q6RNN7;Q6RQ80;Q6VIG7;Q6VJD8;Q6VJJ3;Q7GXZ8;Q7Y626;Q7Y6M3;Q7Y6N0;Q7YCE6;Q7YEH2;Q85KS0;Q8HNR1;Q8HNR6;Q8HQB7;Q8WCW3;Q9B138;Q9B1F9;Q9B2U8|ENSEMBL:ENSP00000354876|REFSEQ:YP_003024029|H-INV:HIT000088112,Tax_Id=9606 Gene_Symbol=MT-CO2 Cytochrome c oxidase subunit 2,COX2_HUMAN
VVLPIEAPIR,MT-CO2 COII COXII MTCO2,MT-CO2 IPI:IPI00017510.3|SWISS-PROT:P00403|TREMBL:A0S0W7;A0S2P1;A0S3T1;A0SA07;A1Z455;A1Z4V2;A4ZKZ0;A6YW54;A6YWD1;A6YXV0;A6Z3M5;A6Z6E8;A6ZEU4;A6ZF47;A6ZFK3;A6ZHA9;A7LDC6;A7LF11;A7LFA2;B0Z6W4;B1W855;B2CB37;B2WRY8;B2XHF9;B2XHT9;B2XIR3;B2XL43;B2XP28;B2XPS3;B2YKU2;B3DE06;B3GUF3;B5M7M0;C5H6K5;C5H6K6;C5H6K7;C5H6L3;C5H6M3;C5H6M4;C5H6M5;C5H6M7;C5H6M8;C8XWJ6;C8Y3G4;C8Y3Q5;C8YBL1;C9D661;D1G421;D2IKF4;D2K1G3;D2Y6Y1;D2Y6Y2;D3WYY7;D3WYY8;D3WYY9;D3YPT7;D5M8T1;D7NUN3;E0AE26;E0AF97;Q06TE6;Q09U41;Q0Z7D8;Q0Z7F1;Q0Z7J0;Q0Z7K3;Q0Z7S0;Q14XI3;Q14XT3;Q15HH9;Q19MP7;Q305H0;Q4EYL1;Q4EZD4;Q4F4V6;Q4F6A2;Q4GCC3;Q4GCG2;Q4GCZ4;Q4GHE1;Q4GQP0;Q4GVP5;Q4GW12;Q4R1L3;Q4R1L5;Q5S971;Q5SA98;Q5SAP1;Q5SB08;Q5XRW8;Q6R0V6;Q6RKW8;Q6RNN7;Q6RQ80;Q6VIG7;Q6VJD8;Q6VJJ3;Q7GXZ8;Q7Y626;Q7Y6M3;Q7Y6N0;Q7YCE6;Q7YEH2;Q85KS0;Q8HNR1;Q8HNR6;Q8HQB7;Q8WCW3;Q9B138;Q9B1F9;Q9B2U8|ENSEMBL:ENSP00000354876|REFSEQ:YP_003024029|H-INV:HIT000088112,IV167_F2_MTendo,0.9262,96.81,1.9316,Normalized Area: 7.7533E+6,4013972,heavy,MT-CO2 IPI:IPI00017510.3|SWISS-PROT:P00403|TREMBL:A0S0W7;A0S2P1;A0S3T1;A0SA07;A1Z455;A1Z4V2;A4ZKZ0;A6YW54;A6YWD1;A6YXV0;A6Z3M5;A6Z6E8;A6ZEU4;A6ZF47;A6ZFK3;A6ZHA9;A7LDC6;A7LF11;A7LFA2;B0Z6W4;B1W855;B2CB37;B2WRY8;B2XHF9;B2XHT9;B2XIR3;B2XL43;B2XP28;B2XPS3;B2YKU2;B3DE06;B3GUF3;B5M7M0;C5H6K5;C5H6K6;C5H6K7;C5H6L3;C5H6M3;C5H6M4;C5H6M5;C5H6M7;C5H6M8;C8XWJ6;C8Y3G4;C8Y3Q5;C8YBL1;C9D661;D1G421;D2IKF4;D2K1G3;D2Y6Y1;D2Y6Y2;D3WYY7;D3WYY8;D3WYY9;D3YPT7;D5M8T1;D7NUN3;E0AE26;E0AF97;Q06TE6;Q09U41;Q0Z7D8;Q0Z7F1;Q0Z7J0;Q0Z7K3;Q0Z7S0;Q14XI3;Q14XT3;Q15HH9;Q19MP7;Q305H0;Q4EYL1;Q4EZD4;Q4F4V6;Q4F6A2;Q4GCC3;Q4GCG2;Q4GCZ4;Q4GHE1;Q4GQP0;Q4GVP5;Q4GW12;Q4R1L3;Q4R1L5;Q5S971;Q5SA98;Q5SAP1;Q5SB08;Q5XRW8;Q6R0V6;Q6RKW8;Q6RNN7;Q6RQ80;Q6VIG7;Q6VJD8;Q6VJJ3;Q7GXZ8;Q7Y626;Q7Y6M3;Q7Y6N0;Q7YCE6;Q7YEH2;Q85KS0;Q8HNR1;Q8HNR6;Q8HQB7;Q8WCW3;Q9B138;Q9B1F9;Q9B2U8|ENSEMBL:ENSP00000354876|REFSEQ:YP_003024029|H-INV:HIT000088112,Tax_Id=9606 Gene_Symbol=MT-CO2 Cytochrome c oxidase subunit 2,COX2_HUMAN
VVLPIEAPIR,MT-CO2 COII COXII MTCO2,MT-CO2 IPI:IPI00017510.3|SWISS-PROT:P00403|TREMBL:A0S0W7;A0S2P1;A0S3T1;A0SA07;A1Z455;A1Z4V2;A4ZKZ0;A6YW54;A6YWD1;A6YXV0;A6Z3M5;A6Z6E8;A6ZEU4;A6ZF47;A6ZFK3;A6ZHA9;A7LDC6;A7LF11;A7LFA2;B0Z6W4;B1W855;B2CB37;B2WRY8;B2XHF9;B2XHT9;B2XIR3;B2XL43;B2XP28;B2XPS3;B2YKU2;B3DE06;B3GUF3;B5M7M0;C5H6K5;C5H6K6;C5H6K7;C5H6L3;C5H6M3;C5H6M4;C5H6M5;C5H6M7;C5H6M8;C8XWJ6;C8Y3G4;C8Y3Q5;C8YBL1;C9D661;D1G421;D2IKF4;D2K1G3;D2Y6Y1;D2Y6Y2;D3WYY7;D3WYY8;D3WYY9;D3YPT7;D5M8T1;D7NUN3;E0AE26;E0AF97;Q06TE6;Q09U41;Q0Z7D8;Q0Z7F1;Q0Z7J0;Q0Z7K3;Q0Z7S0;Q14XI3;Q14XT3;Q15HH9;Q19MP7;Q305H0;Q4EYL1;Q4EZD4;Q4F4V6;Q4F6A2;Q4GCC3;Q4GCG2;Q4GCZ4;Q4GHE1;Q4GQP0;Q4GVP5;Q4GW12;Q4R1L3;Q4R1L5;Q5S971;Q5SA98;Q5SAP1;Q5SB08;Q5XRW8;Q6R0V6;Q6RKW8;Q6RNN7;Q6RQ80;Q6VIG7;Q6VJD8;Q6VJJ3;Q7GXZ8;Q7Y626;Q7Y6M3;Q7Y6N0;Q7YCE6;Q7YEH2;Q85KS0;Q8HNR1;Q8HNR6;Q8HQB7;Q8WCW3;Q9B138;Q9B1F9;Q9B2U8|ENSEMBL:ENSP00000354876|REFSEQ:YP_003024029|H-INV:HIT000088112,IV167_R2_MTendo,0.9447,98.5,0.808,Normalized Area: 4.1826E+6,5176730,heavy,MT-CO2 IPI:IPI00017510.3|SWISS-PROT:P00403|TREMBL:A0S0W7;A0S2P1;A0S3T1;A0SA07;A1Z455;A1Z4V2;A4ZKZ0;A6YW54;A6YWD1;A6YXV0;A6Z3M5;A6Z6E8;A6ZEU4;A6ZF47;A6ZFK3;A6ZHA9;A7LDC6;A7LF11;A7LFA2;B0Z6W4;B1W855;B2CB37;B2WRY8;B2XHF9;B2XHT9;B2XIR3;B2XL43;B2XP28;B2XPS3;B2YKU2;B3DE06;B3GUF3;B5M7M0;C5H6K5;C5H6K6;C5H6K7;C5H6L3;C5H6M3;C5H6M4;C5H6M5;C5H6M7;C5H6M8;C8XWJ6;C8Y3G4;C8Y3Q5;C8YBL1;C9D661;D1G421;D2IKF4;D2K1G3;D2Y6Y1;D2Y6Y2;D3WYY7;D3WYY8;D3WYY9;D3YPT7;D5M8T1;D7NUN3;E0AE26;E0AF97;Q06TE6;Q09U41;Q0Z7D8;Q0Z7F1;Q0Z7J0;Q0Z7K3;Q0Z7S0;Q14XI3;Q14XT3;Q15HH9;Q19MP7;Q305H0;Q4EYL1;Q4EZD4;Q4F4V6;Q4F6A2;Q4GCC3;Q4GCG2;Q4GCZ4;Q4GHE1;Q4GQP0;Q4GVP5;Q4GW12;Q4R1L3;Q4R1L5;Q5S971;Q5SA98;Q5SAP1;Q5SB08;Q5XRW8;Q6R0V6;Q6RKW8;Q6RNN7;Q6RQ80;Q6VIG7;Q6VJD8;Q6VJJ3;Q7GXZ8;Q7Y626;Q7Y6M3;Q7Y6N0;Q7YCE6;Q7YEH2;Q85KS0;Q8HNR1;Q8HNR6;Q8HQB7;Q8WCW3;Q9B138;Q9B1F9;Q9B2U8|ENSEMBL:ENSP00000354876|REFSEQ:YP_003024029|H-INV:HIT000088112,Tax_Id=9606 Gene_Symbol=MT-CO2 Cytochrome c oxidase subunit 2,COX2_HUMAN
NYNKPWEPK,MT-ATP8 ATP8 ATPASE8 MTATP8,MT-ATP8 IPI:IPI00008528.4|SWISS-PROT:P03928|TREMBL:A0S208;A0S8D6;A0S9D7;A0SBU5;A1DT13;A1DV59;A1DVF0;A3R095;A4ZKZ1;A4ZL69;A6YTJ7;A6YXS5;A6YYT8;A6Z2R5;A6Z3V4;A6Z519;A8JL09;B2CB77;B2XII6;B2XIJ9;B2XMG1;B4YC28;B4YCR0;B7ZJ43;B8X5B2;B9EG24;C8YA16;C8YAC0;C8YFB2;D1G3X0;D2Y6Y3;D3WZ01;D3WZ02;D6C0Z2;D6R613;D7SFF4;E0AE27;Q0Z7D7;Q0ZK82;Q305N4;Q3S924;Q3S937;Q4EWR0;Q4F0Q1;Q4F196;Q4F675;Q4GAR3;Q4GFJ0;Q4GR32;Q4GUF2;Q4VG42;Q5GND0;Q5S8S7;Q5S8Z2;Q5SAB0;Q5XTF0;Q6RKZ6;Q6RLG0;Q6RLZ4;Q6RM58;Q6RMN1;Q6RNJ6;Q7GXU0;Q7YCG7;Q7YEE7;Q85BD0;Q85KZ3;Q8HNQ6;Q8W8E1;Q94P44;Q9B1A3|ENSEMBL:ENSP00000355265|REFSEQ:YP_003024030,IV167_F2_MTendo,0.9139,58.37,3.249,Normalized Area: 2.3889E+6,2388938,light,MT-ATP8 IPI:IPI00008528.4|SWISS-PROT:P03928|TREMBL:A0S208;A0S8D6;A0S9D7;A0SBU5;A1DT13;A1DV59;A1DVF0;A3R095;A4ZKZ1;A4ZL69;A6YTJ7;A6YXS5;A6YYT8;A6Z2R5;A6Z3V4;A6Z519;A8JL09;B2CB77;B2XII6;B2XIJ9;B2XMG1;B4YC28;B4YCR0;B7ZJ43;B8X5B2;B9EG24;C8YA16;C8YAC0;C8YFB2;D1G3X0;D2Y6Y3;D3WZ01;D3WZ02;D6C0Z2;D6R613;D7SFF4;E0AE27;Q0Z7D7;Q0ZK82;Q305N4;Q3S924;Q3S937;Q4EWR0;Q4F0Q1;Q4F196;Q4F675;Q4GAR3;Q4GFJ0;Q4GR32;Q4GUF2;Q4VG42;Q5GND0;Q5S8S7;Q5S8Z2;Q5SAB0;Q5XTF0;Q6RKZ6;Q6RLG0;Q6RLZ4;Q6RM58;Q6RMN1;Q6RNJ6;Q7GXU0;Q7YCG7;Q7YEE7;Q85BD0;Q85KZ3;Q8HNQ6;Q8W8E1;Q94P44;Q9B1A3|ENSEMBL:ENSP00000355265|REFSEQ:YP_003024030,Tax_Id=9606 Gene_Symbol=MT-ATP8 ATP synthase protein 8,ATP8_HUMAN
NYNKPWEPK,MT-ATP8 ATP8 ATPASE8 MTATP8,MT-ATP8 IPI:IPI00008528.4|SWISS-PROT:P03928|TREMBL:A0S208;A0S8D6;A0S9D7;A0SBU5;A1DT13;A1DV59;A1DVF0;A3R095;A4ZKZ1;A4ZL69;A6YTJ7;A6YXS5;A6YYT8;A6Z2R5;A6Z3V4;A6Z519;A8JL09;B2CB77;B2XII6;B2XIJ9;B2XMG1;B4YC28;B4YCR0;B7ZJ43;B8X5B2;B9EG24;C8YA16;C8YAC0;C8YFB2;D1G3X0;D2Y6Y3;D3WZ01;D3WZ02;D6C0Z2;D6R613;D7SFF4;E0AE27;Q0Z7D7;Q0ZK82;Q305N4;Q3S924;Q3S937;Q4EWR0;Q4F0Q1;Q4F196;Q4F675;Q4GAR3;Q4GFJ0;Q4GR32;Q4GUF2;Q4VG42;Q5GND0;Q5S8S7;Q5S8Z2;Q5SAB0;Q5XTF0;Q6RKZ6;Q6RLG0;Q6RLZ4;Q6RM58;Q6RMN1;Q6RNJ6;Q7GXU0;Q7YCG7;Q7YEE7;Q85BD0;Q85KZ3;Q8HNQ6;Q8W8E1;Q94P44;Q9B1A3|ENSEMBL:ENSP00000355265|REFSEQ:YP_003024030,IV167_R2_MTendo,0.8514,59.73,0.2863,Normalized Area: 6.7828E+5,678283,light,MT-ATP8 IPI:IPI00008528.4|SWISS-PROT:P03928|TREMBL:A0S208;A0S8D6;A0S9D7;A0SBU5;A1DT13;A1DV59;A1DVF0;A3R095;A4ZKZ1;A4ZL69;A6YTJ7;A6YXS5;A6YYT8;A6Z2R5;A6Z3V4;A6Z519;A8JL09;B2CB77;B2XII6;B2XIJ9;B2XMG1;B4YC28;B4YCR0;B7ZJ43;B8X5B2;B9EG24;C8YA16;C8YAC0;C8YFB2;D1G3X0;D2Y6Y3;D3WZ01;D3WZ02;D6C0Z2;D6R613;D7SFF4;E0AE27;Q0Z7D7;Q0ZK82;Q305N4;Q3S924;Q3S937;Q4EWR0;Q4F0Q1;Q4F196;Q4F675;Q4GAR3;Q4GFJ0;Q4GR32;Q4GUF2;Q4VG42;Q5GND0;Q5S8S7;Q5S8Z2;Q5SAB0;Q5XTF0;Q6RKZ6;Q6RLG0;Q6RLZ4;Q6RM58;Q6RMN1;Q6RNJ6;Q7GXU0;Q7YCG7;Q7YEE7;Q85BD0;Q85KZ3;Q8HNQ6;Q8W8E1;Q94P44;Q9B1A3|ENSEMBL:ENSP00000355265|REFSEQ:YP_003024030,Tax_Id=9606 Gene_Symbol=MT-ATP8 ATP synthase protein 8,ATP8_HUMAN
NYNKPWEPK,MT-ATP8 ATP8 ATPASE8 MTATP8,MT-ATP8 IPI:IPI00008528.4|SWISS-PROT:P03928|TREMBL:A0S208;A0S8D6;A0S9D7;A0SBU5;A1DT13;A1DV59;A1DVF0;A3R095;A4ZKZ1;A4ZL69;A6YTJ7;A6YXS5;A6YYT8;A6Z2R5;A6Z3V4;A6Z519;A8JL09;B2CB77;B2XII6;B2XIJ9;B2XMG1;B4YC28;B4YCR0;B7ZJ43;B8X5B2;B9EG24;C8YA16;C8YAC0;C8YFB2;D1G3X0;D2Y6Y3;D3WZ01;D3WZ02;D6C0Z2;D6R613;D7SFF4;E0AE27;Q0Z7D7;Q0ZK82;Q305N4;Q3S924;Q3S937;Q4EWR0;Q4F0Q1;Q4F196;Q4F675;Q4GAR3;Q4GFJ0;Q4GR32;Q4GUF2;Q4VG42;Q5GND0;Q5S8S7;Q5S8Z2;Q5SAB0;Q5XTF0;Q6RKZ6;Q6RLG0;Q6RLZ4;Q6RM58;Q6RMN1;Q6RNJ6;Q7GXU0;Q7YCG7;Q7YEE7;Q85BD0;Q85KZ3;Q8HNQ6;Q8W8E1;Q94P44;Q9B1A3|ENSEMBL:ENSP00000355265|REFSEQ:YP_003024030,IV167_F2_MTendo,0.9427,58.37,3.249,Normalized Area: 2.3889E+6,735282,heavy,MT-ATP8 IPI:IPI00008528.4|SWISS-PROT:P03928|TREMBL:A0S208;A0S8D6;A0S9D7;A0SBU5;A1DT13;A1DV59;A1DVF0;A3R095;A4ZKZ1;A4ZL69;A6YTJ7;A6YXS5;A6YYT8;A6Z2R5;A6Z3V4;A6Z519;A8JL09;B2CB77;B2XII6;B2XIJ9;B2XMG1;B4YC28;B4YCR0;B7ZJ43;B8X5B2;B9EG24;C8YA16;C8YAC0;C8YFB2;D1G3X0;D2Y6Y3;D3WZ01;D3WZ02;D6C0Z2;D6R613;D7SFF4;E0AE27;Q0Z7D7;Q0ZK82;Q305N4;Q3S924;Q3S937;Q4EWR0;Q4F0Q1;Q4F196;Q4F675;Q4GAR3;Q4GFJ0;Q4GR32;Q4GUF2;Q4VG42;Q5GND0;Q5S8S7;Q5S8Z2;Q5SAB0;Q5XTF0;Q6RKZ6;Q6RLG0;Q6RLZ4;Q6RM58;Q6RMN1;Q6RNJ6;Q7GXU0;Q7YCG7;Q7YEE7;Q85BD0;Q85KZ3;Q8HNQ6;Q8W8E1;Q94P44;Q9B1A3|ENSEMBL:ENSP00000355265|REFSEQ:YP_003024030,Tax_Id=9606 Gene_Symbol=MT-ATP8 ATP synthase protein 8,ATP8_HUMAN
NYNKPWEPK,MT-ATP8 ATP8 ATPASE8 MTATP8,MT-ATP8 IPI:IPI00008528.4|SWISS-PROT:P03928|TREMBL:A0S208;A0S8D6;A0S9D7;A0SBU5;A1DT13;A1DV59;A1DVF0;A3R095;A4ZKZ1;A4ZL69;A6YTJ7;A6YXS5;A6YYT8;A6Z2R5;A6Z3V4;A6Z519;A8JL09;B2CB77;B2XII6;B2XIJ9;B2XMG1;B4YC28;B4YCR0;B7ZJ43;B8X5B2;B9EG24;C8YA16;C8YAC0;C8YFB2;D1G3X0;D2Y6Y3;D3WZ01;D3WZ02;D6C0Z2;D6R613;D7SFF4;E0AE27;Q0Z7D7;Q0ZK82;Q305N4;Q3S924;Q3S937;Q4EWR0;Q4F0Q1;Q4F196;Q4F675;Q4GAR3;Q4GFJ0;Q4GR32;Q4GUF2;Q4VG42;Q5GND0;Q5S8S7;Q5S8Z2;Q5SAB0;Q5XTF0;Q6RKZ6;Q6RLG0;Q6RLZ4;Q6RM58;Q6RMN1;Q6RNJ6;Q7GXU0;Q7YCG7;Q7YEE7;Q85BD0;Q85KZ3;Q8HNQ6;Q8W8E1;Q94P44;Q9B1A3|ENSEMBL:ENSP00000355265|REFSEQ:YP_003024030,IV167_R2_MTendo,0.9327,59.73,0.2863,Normalized Area: 6.7828E+5,2369081,heavy,MT-ATP8 IPI:IPI00008528.4|SWISS-PROT:P03928|TREMBL:A0S208;A0S8D6;A0S9D7;A0SBU5;A1DT13;A1DV59;A1DVF0;A3R095;A4ZKZ1;A4ZL69;A6YTJ7;A6YXS5;A6YYT8;A6Z2R5;A6Z3V4;A6Z519;A8JL09;B2CB77;B2XII6;B2XIJ9;B2XMG1;B4YC28;B4YCR0;B7ZJ43;B8X5B2;B9EG24;C8YA16;C8YAC0;C8YFB2;D1G3X0;D2Y6Y3;D3WZ01;D3WZ02;D6C0Z2;D6R613;D7SFF4;E0AE27;Q0Z7D7;Q0ZK82;Q305N4;Q3S924;Q3S937;Q4EWR0;Q4F0Q1;Q4F196;Q4F675;Q4GAR3;Q4GFJ0;Q4GR32;Q4GUF2;Q4VG42;Q5GND0;Q5S8S7;Q5S8Z2;Q5SAB0;Q5XTF0;Q6RKZ6;Q6RLG0;Q6RLZ4;Q6RM58;Q6RMN1;Q6RNJ6;Q7GXU0;Q7YCG7;Q7YEE7;Q85BD0;Q85KZ3;Q8HNQ6;Q8W8E1;Q94P44;Q9B1A3|ENSEMBL:ENSP00000355265|REFSEQ:YP_003024030,Tax_Id=9606 Gene_Symbol=MT-ATP8 ATP synthase protein 8,ATP8_HUMAN
LITTQQWLIK,MT-ATP6 ATP6 ATPASE6 MTATP6,MT-ATP6 IPI:IPI00654820.2|SWISS-PROT:P00846|TREMBL:A0S0T0;A0S0Z5;A0S1G1;A0S2B3;A0S2H8;A0S2R9;A0S2V8;A0S3K5;A0S3X2;A0S437;A0S525;A0S590;A0SB36;A0SBS0;A0SBX2;A0SCX3;A1DTA5;A1DTI3;A1DV99;A1DVF1;A1E1E3;A1E1T6;A1Z496;A1Z4E8;A1Z4G1;A1Z4L3;A1Z519;A3FPA1;A3R0R5;A4GWW2;A4GYN0;A4LB80;A4ZLA9;A4ZLL3;A4ZM04;A4ZM68;A4ZYE7;A5JYK3;A6YUI6;A6YUS7;A6YUU0;A6YVN9;A6YVQ2;A6YVS8;A6YW31;A6YW69;A6YWX8;A6YX94;A6YXS6;A6YYN7;A6Z2Z4;A6Z4T0;A6Z571;A6Z659;A6Z698;A6Z6R7;A6Z7D7;A6Z7G3;A6ZB88;A6ZC37;A6ZCZ8;A6ZEL8;A6ZET3;A6ZEV9;A6ZF88;A6ZFB4;A6ZG24;A6ZGJ0;A6ZHM2;A6ZHP8;A6ZIR4;A7LDA2;A7XSM8;A7XTK2;A7XTZ0;A7XUC2;A8JLH9;A8QT67;A8QTE5;A8R1T6;A8WDK6;A8WE09;A8WF83;B0EWL8;B0Z6X9;B1NTU9;B1NU66;B1NUN5;B1PI24;B1PIH2;B1W8I7;B2CB26;B2CB39;B2D0N3;B2D398;B2D3Q0;B2D4T1;B2D5C6;B2KLD7;B2KLM8;B2KLT0;B2KLZ5;B2MXH9;B2MYP5;B2MZ39;B2MZ69;B2WS29;B2XEH8;B2XEL7;B2XER9;B2XEZ6;B2XFD8;B2XG09;B2XGZ3;B2XHD6;B2XHM6;B2XI44;B2XK18;B2XKM6;B2XKN9;B2XKS8;B2XM45;B2XNF9;B2XNN7;B2XQ41;B2Y9B5;B2Y9P5;B2YAA3;B2YBN4;B2YI96;B2Z4U9;B2Z592;B2Z680;B3DE47;B3DE99;B4YBA8;B4YBC1;B4YD67;B4YG72;B5M7I3;B5M7X6;B5M880;B6RGC6;B7TCM6;B7TPA5;B7ZIX9;B8R3B7;B8RFM5;B8X4J0;B8X5R9;B8XYH1;B8XZR3;B9EDU5;B9EDY4;B9EEV9;B9EFL9;B9EFX3;B9U5I9;C0LJY4;C0LU52;C5MN37;C7AAU4;C7B333;C7B3W8;C7SJA0;C7SJU5;C8CCX8;C8CCZ1;C8XV02;C8XV28;C8Y007;C8Y0Y2;C8Y3L8;C8Y5J4;C8Y6T6;C8YCE9;C8YDR7;C8YFB3;C8YGB4;C8YHY6;C8YI12;C9D5C7;C9D5T3;C9D637;C9D6E1;D0UTS2;D0UTW1;D0UTX4;D0V1V0;D0VDU7;D1G3Z7;D2Y572;D2Y6Y4;D2Y6Y5;D2Y6Y7;D3KAZ0;D3KD25;D3WYZ0;D3WYZ1;D3WZ05;D5I7T1;D5I7X0;D5I8A0;D5I8G5;D5K701;D6BZD4;D6BZN8;D6C298;D6N3H7;D6N474;D6N5X2;D6N624;D6N7S2;D6R5P7;D6R5S3;D6R6F7;D6R7T3;D7NM56;D7NMA8;D7NMC1;D7NUP8;D7P9D3;D7P9F9;D7P9H2;D7P9M4;D7PAH3;D7SF29;D8L1J0;D8L327;D8L392;D8L3B8;D8L3N5;D8L4E5;D9MYY6;D9MZX0;E0AE28;O21101;Q06TP8;Q06U80;Q06UF8;Q09U65;Q0VV07;Q0VV46;Q0VW08;Q0VXH8;Q0Z7G2;Q0Z7K1;Q0Z7R3;Q0ZEN3;Q0ZFE3;Q0ZFG9;Q0ZK68;Q0ZK81;Q14XY3;Q14Y84;Q15GW9;Q15IK2;Q15IL5;Q15IZ5;Q1ZY36;Q27GX8;Q2HK02;Q2HL42;Q2HL94;Q2HLF6;Q2HLG7;Q2LH31;Q2LHW7;Q305A3;Q3HRI8;Q3S988;Q4EWN3;Q4EWS2;Q4EXF6;Q4EXG9;Q4EXI2;Q4EXN4;Q4EXV0;Q4EYJ6;Q4EYS4;Q4EZ28;Q4F0E6;Q4F0F9;Q4F0V2;Q4F296;Q4F2Y0;Q4F3R6;Q4F3S9;Q4F407;Q4F459;Q4F4D7;Q4F4F0;Q4F4R7;Q4F4Z6;Q4F5F1;Q4F5G4;Q4F5R8;Q4F5T1;Q4F687;Q4F6K4;Q4G7Q9;Q4G8X5;Q4G8Y8;Q4G992;Q4GD70;Q4GDG1;Q4GDK0;Q4GE32;Q4GEP0;Q4GFH6;Q4GFI9;Q4GFR7;Q4GH61;Q4GIK5;Q4GJ37;Q4GK64;Q4GKG8;Q4GKN3;Q4GL52;Q4GM79;Q4GMY9;Q4GPF9;Q4GPN7;Q4GQ17;Q4GQR4;Q4GQS7;Q4GQZ2;Q4GR31;Q4GR70;Q4GRN9;Q4GSE9;Q4GSG2;Q4GT85;Q4GU60;Q4GUD8;Q4GUH7;Q4GV61;Q4VFB5;Q4VFF2;Q4VFK9;Q4VFM9;Q4VFU7;Q4VGD2;Q4ZEE6;Q4ZEI5;Q4ZEL1;Q4ZF95;Q4ZFC1;Q4ZFD4;Q5S956;Q5S9G0;Q5S9H3;Q5S9J9;Q5S9N8;Q5SA70;Q5SAH4;Q5SAZ3;Q5SB58;Q5SB97;Q5XS83;Q5XSM6;Q5XSY0;Q6R0Z3;Q6RKX7;Q6RKY6;Q6RLN5;Q6RLS1;Q6RLU8;Q6RMK9;Q6RNG3;Q6RNI4;Q6RNJ5;Q6RQ23;Q6RQR1;Q6RQU7;Q6RQW5;Q6RRA9;Q6RRV0;Q6RRX7;Q6UG00;Q6VHA0;Q6VHB0;Q6VHL0;Q6VHW2;Q6VIX0;Q6VJ77;Q6VJI3;Q6VKS1;Q6VL11;Q6VLP4;Q6VLT0;Q7Y6X6;Q7Y788;Q7Y802;Q7Y843;Q7YCD1;Q7YCD5;Q7YCG6;Q7YCH3;Q7YED2;Q7YED3;Q7YED4;Q7YED8;Q7YEE6;Q7YEF3;Q7YEG4;Q7YEG6;Q85KR5;Q85KR7;Q85KT4;Q85KU2;Q85KV7;Q85KY8;Q85KZ2;Q8HBV1;Q8HNQ5;Q8M7T2;Q8WCV8;Q8WCW5;Q8WCX0;Q8WCX3;Q9B185;Q9B1A9;Q9B1D3;Q9B1K9;Q9B1L8;Q9B2U2;Q9B2V5;Q9B2W7|ENSEMBL:ENSP00000354632|REFSEQ:YP_003024031|H-INV:HIT000009804,IV167_F2_MTendo,0.9208,101.11,2.6488,Normalized Area: 1.0013E+7,10012684,light,MT-ATP6 IPI:IPI00654820.2|SWISS-PROT:P00846|TREMBL:A0S0T0;A0S0Z5;A0S1G1;A0S2B3;A0S2H8;A0S2R9;A0S2V8;A0S3K5;A0S3X2;A0S437;A0S525;A0S590;A0SB36;A0SBS0;A0SBX2;A0SCX3;A1DTA5;A1DTI3;A1DV99;A1DVF1;A1E1E3;A1E1T6;A1Z496;A1Z4E8;A1Z4G1;A1Z4L3;A1Z519;A3FPA1;A3R0R5;A4GWW2;A4GYN0;A4LB80;A4ZLA9;A4ZLL3;A4ZM04;A4ZM68;A4ZYE7;A5JYK3;A6YUI6;A6YUS7;A6YUU0;A6YVN9;A6YVQ2;A6YVS8;A6YW31;A6YW69;A6YWX8;A6YX94;A6YXS6;A6YYN7;A6Z2Z4;A6Z4T0;A6Z571;A6Z659;A6Z698;A6Z6R7;A6Z7D7;A6Z7G3;A6ZB88;A6ZC37;A6ZCZ8;A6ZEL8;A6ZET3;A6ZEV9;A6ZF88;A6ZFB4;A6ZG24;A6ZGJ0;A6ZHM2;A6ZHP8;A6ZIR4;A7LDA2;A7XSM8;A7XTK2;A7XTZ0;A7XUC2;A8JLH9;A8QT67;A8QTE5;A8R1T6;A8WDK6;A8WE09;A8WF83;B0EWL8;B0Z6X9;B1NTU9;B1NU66;B1NUN5;B1PI24;B1PIH2;B1W8I7;B2CB26;B2CB39;B2D0N3;B2D398;B2D3Q0;B2D4T1;B2D5C6;B2KLD7;B2KLM8;B2KLT0;B2KLZ5;B2MXH9;B2MYP5;B2MZ39;B2MZ69;B2WS29;B2XEH8;B2XEL7;B2XER9;B2XEZ6;B2XFD8;B2XG09;B2XGZ3;B2XHD6;B2XHM6;B2XI44;B2XK18;B2XKM6;B2XKN9;B2XKS8;B2XM45;B2XNF9;B2XNN7;B2XQ41;B2Y9B5;B2Y9P5;B2YAA3;B2YBN4;B2YI96;B2Z4U9;B2Z592;B2Z680;B3DE47;B3DE99;B4YBA8;B4YBC1;B4YD67;B4YG72;B5M7I3;B5M7X6;B5M880;B6RGC6;B7TCM6;B7TPA5;B7ZIX9;B8R3B7;B8RFM5;B8X4J0;B8X5R9;B8XYH1;B8XZR3;B9EDU5;B9EDY4;B9EEV9;B9EFL9;B9EFX3;B9U5I9;C0LJY4;C0LU52;C5MN37;C7AAU4;C7B333;C7B3W8;C7SJA0;C7SJU5;C8CCX8;C8CCZ1;C8XV02;C8XV28;C8Y007;C8Y0Y2;C8Y3L8;C8Y5J4;C8Y6T6;C8YCE9;C8YDR7;C8YFB3;C8YGB4;C8YHY6;C8YI12;C9D5C7;C9D5T3;C9D637;C9D6E1;D0UTS2;D0UTW1;D0UTX4;D0V1V0;D0VDU7;D1G3Z7;D2Y572;D2Y6Y4;D2Y6Y5;D2Y6Y7;D3KAZ0;D3KD25;D3WYZ0;D3WYZ1;D3WZ05;D5I7T1;D5I7X0;D5I8A0;D5I8G5;D5K701;D6BZD4;D6BZN8;D6C298;D6N3H7;D6N474;D6N5X2;D6N624;D6N7S2;D6R5P7;D6R5S3;D6R6F7;D6R7T3;D7NM56;D7NMA8;D7NMC1;D7NUP8;D7P9D3;D7P9F9;D7P9H2;D7P9M4;D7PAH3;D7SF29;D8L1J0;D8L327;D8L392;D8L3B8;D8L3N5;D8L4E5;D9MYY6;D9MZX0;E0AE28;O21101;Q06TP8;Q06U80;Q06UF8;Q09U65;Q0VV07;Q0VV46;Q0VW08;Q0VXH8;Q0Z7G2;Q0Z7K1;Q0Z7R3;Q0ZEN3;Q0ZFE3;Q0ZFG9;Q0ZK68;Q0ZK81;Q14XY3;Q14Y84;Q15GW9;Q15IK2;Q15IL5;Q15IZ5;Q1ZY36;Q27GX8;Q2HK02;Q2HL42;Q2HL94;Q2HLF6;Q2HLG7;Q2LH31;Q2LHW7;Q305A3;Q3HRI8;Q3S988;Q4EWN3;Q4EWS2;Q4EXF6;Q4EXG9;Q4EXI2;Q4EXN4;Q4EXV0;Q4EYJ6;Q4EYS4;Q4EZ28;Q4F0E6;Q4F0F9;Q4F0V2;Q4F296;Q4F2Y0;Q4F3R6;Q4F3S9;Q4F407;Q4F459;Q4F4D7;Q4F4F0;Q4F4R7;Q4F4Z6;Q4F5F1;Q4F5G4;Q4F5R8;Q4F5T1;Q4F687;Q4F6K4;Q4G7Q9;Q4G8X5;Q4G8Y8;Q4G992;Q4GD70;Q4GDG1;Q4GDK0;Q4GE32;Q4GEP0;Q4GFH6;Q4GFI9;Q4GFR7;Q4GH61;Q4GIK5;Q4GJ37;Q4GK64;Q4GKG8;Q4GKN3;Q4GL52;Q4GM79;Q4GMY9;Q4GPF9;Q4GPN7;Q4GQ17;Q4GQR4;Q4GQS7;Q4GQZ2;Q4GR31;Q4GR70;Q4GRN9;Q4GSE9;Q4GSG2;Q4GT85;Q4GU60;Q4GUD8;Q4GUH7;Q4GV61;Q4VFB5;Q4VFF2;Q4VFK9;Q4VFM9;Q4VFU7;Q4VGD2;Q4ZEE6;Q4ZEI5;Q4ZEL1;Q4ZF95;Q4ZFC1;Q4ZFD4;Q5S956;Q5S9G0;Q5S9H3;Q5S9J9;Q5S9N8;Q5SA70;Q5SAH4;Q5SAZ3;Q5SB58;Q5SB97;Q5XS83;Q5XSM6;Q5XSY0;Q6R0Z3;Q6RKX7;Q6RKY6;Q6RLN5;Q6RLS1;Q6RLU8;Q6RMK9;Q6RNG3;Q6RNI4;Q6RNJ5;Q6RQ23;Q6RQR1;Q6RQU7;Q6RQW5;Q6RRA9;Q6RRV0;Q6RRX7;Q6UG00;Q6VHA0;Q6VHB0;Q6VHL0;Q6VHW2;Q6VIX0;Q6VJ77;Q6VJI3;Q6VKS1;Q6VL11;Q6VLP4;Q6VLT0;Q7Y6X6;Q7Y788;Q7Y802;Q7Y843;Q7YCD1;Q7YCD5;Q7YCG6;Q7YCH3;Q7YED2;Q7YED3;Q7YED4;Q7YED8;Q7YEE6;Q7YEF3;Q7YEG4;Q7YEG6;Q85KR5;Q85KR7;Q85KT4;Q85KU2;Q85KV7;Q85KY8;Q85KZ2;Q8HBV1;Q8HNQ5;Q8M7T2;Q8WCV8;Q8WCW5;Q8WCX0;Q8WCX3;Q9B185;Q9B1A9;Q9B1D3;Q9B1K9;Q9B1L8;Q9B2U2;Q9B2V5;Q9B2W7|ENSEMBL:ENSP00000354632|REFSEQ:YP_003024031|H-INV:HIT000009804,Tax_Id=9606 Gene_Symbol=MT-ATP6 ATP synthase subunit a,ATP6_HUMAN
LITTQQWLIK,MT-ATP6 ATP6 ATPASE6 MTATP6,MT-ATP6 IPI:IPI00654820.2|SWISS-PROT:P00846|TREMBL:A0S0T0;A0S0Z5;A0S1G1;A0S2B3;A0S2H8;A0S2R9;A0S2V8;A0S3K5;A0S3X2;A0S437;A0S525;A0S590;A0SB36;A0SBS0;A0SBX2;A0SCX3;A1DTA5;A1DTI3;A1DV99;A1DVF1;A1E1E3;A1E1T6;A1Z496;A1Z4E8;A1Z4G1;A1Z4L3;A1Z519;A3FPA1;A3R0R5;A4GWW2;A4GYN0;A4LB80;A4ZLA9;A4ZLL3;A4ZM04;A4ZM68;A4ZYE7;A5JYK3;A6YUI6;A6YUS7;A6YUU0;A6YVN9;A6YVQ2;A6YVS8;A6YW31;A6YW69;A6YWX8;A6YX94;A6YXS6;A6YYN7;A6Z2Z4;A6Z4T0;A6Z571;A6Z659;A6Z698;A6Z6R7;A6Z7D7;A6Z7G3;A6ZB88;A6ZC37;A6ZCZ8;A6ZEL8;A6ZET3;A6ZEV9;A6ZF88;A6ZFB4;A6ZG24;A6ZGJ0;A6ZHM2;A6ZHP8;A6ZIR4;A7LDA2;A7XSM8;A7XTK2;A7XTZ0;A7XUC2;A8JLH9;A8QT67;A8QTE5;A8R1T6;A8WDK6;A8WE09;A8WF83;B0EWL8;B0Z6X9;B1NTU9;B1NU66;B1NUN5;B1PI24;B1PIH2;B1W8I7;B2CB26;B2CB39;B2D0N3;B2D398;B2D3Q0;B2D4T1;B2D5C6;B2KLD7;B2KLM8;B2KLT0;B2KLZ5;B2MXH9;B2MYP5;B2MZ39;B2MZ69;B2WS29;B2XEH8;B2XEL7;B2XER9;B2XEZ6;B2XFD8;B2XG09;B2XGZ3;B2XHD6;B2XHM6;B2XI44;B2XK18;B2XKM6;B2XKN9;B2XKS8;B2XM45;B2XNF9;B2XNN7;B2XQ41;B2Y9B5;B2Y9P5;B2YAA3;B2YBN4;B2YI96;B2Z4U9;B2Z592;B2Z680;B3DE47;B3DE99;B4YBA8;B4YBC1;B4YD67;B4YG72;B5M7I3;B5M7X6;B5M880;B6RGC6;B7TCM6;B7TPA5;B7ZIX9;B8R3B7;B8RFM5;B8X4J0;B8X5R9;B8XYH1;B8XZR3;B9EDU5;B9EDY4;B9EEV9;B9EFL9;B9EFX3;B9U5I9;C0LJY4;C0LU52;C5MN37;C7AAU4;C7B333;C7B3W8;C7SJA0;C7SJU5;C8CCX8;C8CCZ1;C8XV02;C8XV28;C8Y007;C8Y0Y2;C8Y3L8;C8Y5J4;C8Y6T6;C8YCE9;C8YDR7;C8YFB3;C8YGB4;C8YHY6;C8YI12;C9D5C7;C9D5T3;C9D637;C9D6E1;D0UTS2;D0UTW1;D0UTX4;D0V1V0;D0VDU7;D1G3Z7;D2Y572;D2Y6Y4;D2Y6Y5;D2Y6Y7;D3KAZ0;D3KD25;D3WYZ0;D3WYZ1;D3WZ05;D5I7T1;D5I7X0;D5I8A0;D5I8G5;D5K701;D6BZD4;D6BZN8;D6C298;D6N3H7;D6N474;D6N5X2;D6N624;D6N7S2;D6R5P7;D6R5S3;D6R6F7;D6R7T3;D7NM56;D7NMA8;D7NMC1;D7NUP8;D7P9D3;D7P9F9;D7P9H2;D7P9M4;D7PAH3;D7SF29;D8L1J0;D8L327;D8L392;D8L3B8;D8L3N5;D8L4E5;D9MYY6;D9MZX0;E0AE28;O21101;Q06TP8;Q06U80;Q06UF8;Q09U65;Q0VV07;Q0VV46;Q0VW08;Q0VXH8;Q0Z7G2;Q0Z7K1;Q0Z7R3;Q0ZEN3;Q0ZFE3;Q0ZFG9;Q0ZK68;Q0ZK81;Q14XY3;Q14Y84;Q15GW9;Q15IK2;Q15IL5;Q15IZ5;Q1ZY36;Q27GX8;Q2HK02;Q2HL42;Q2HL94;Q2HLF6;Q2HLG7;Q2LH31;Q2LHW7;Q305A3;Q3HRI8;Q3S988;Q4EWN3;Q4EWS2;Q4EXF6;Q4EXG9;Q4EXI2;Q4EXN4;Q4EXV0;Q4EYJ6;Q4EYS4;Q4EZ28;Q4F0E6;Q4F0F9;Q4F0V2;Q4F296;Q4F2Y0;Q4F3R6;Q4F3S9;Q4F407;Q4F459;Q4F4D7;Q4F4F0;Q4F4R7;Q4F4Z6;Q4F5F1;Q4F5G4;Q4F5R8;Q4F5T1;Q4F687;Q4F6K4;Q4G7Q9;Q4G8X5;Q4G8Y8;Q4G992;Q4GD70;Q4GDG1;Q4GDK0;Q4GE32;Q4GEP0;Q4GFH6;Q4GFI9;Q4GFR7;Q4GH61;Q4GIK5;Q4GJ37;Q4GK64;Q4GKG8;Q4GKN3;Q4GL52;Q4GM79;Q4GMY9;Q4GPF9;Q4GPN7;Q4GQ17;Q4GQR4;Q4GQS7;Q4GQZ2;Q4GR31;Q4GR70;Q4GRN9;Q4GSE9;Q4GSG2;Q4GT85;Q4GU60;Q4GUD8;Q4GUH7;Q4GV61;Q4VFB5;Q4VFF2;Q4VFK9;Q4VFM9;Q4VFU7;Q4VGD2;Q4ZEE6;Q4ZEI5;Q4ZEL1;Q4ZF95;Q4ZFC1;Q4ZFD4;Q5S956;Q5S9G0;Q5S9H3;Q5S9J9;Q5S9N8;Q5SA70;Q5SAH4;Q5SAZ3;Q5SB58;Q5SB97;Q5XS83;Q5XSM6;Q5XSY0;Q6R0Z3;Q6RKX7;Q6RKY6;Q6RLN5;Q6RLS1;Q6RLU8;Q6RMK9;Q6RNG3;Q6RNI4;Q6RNJ5;Q6RQ23;Q6RQR1;Q6RQU7;Q6RQW5;Q6RRA9;Q6RRV0;Q6RRX7;Q6UG00;Q6VHA0;Q6VHB0;Q6VHL0;Q6VHW2;Q6VIX0;Q6VJ77;Q6VJI3;Q6VKS1;Q6VL11;Q6VLP4;Q6VLT0;Q7Y6X6;Q7Y788;Q7Y802;Q7Y843;Q7YCD1;Q7YCD5;Q7YCG6;Q7YCH3;Q7YED2;Q7YED3;Q7YED4;Q7YED8;Q7YEE6;Q7YEF3;Q7YEG4;Q7YEG6;Q85KR5;Q85KR7;Q85KT4;Q85KU2;Q85KV7;Q85KY8;Q85KZ2;Q8HBV1;Q8HNQ5;Q8M7T2;Q8WCV8;Q8WCW5;Q8WCX0;Q8WCX3;Q9B185;Q9B1A9;Q9B1D3;Q9B1K9;Q9B1L8;Q9B2U2;Q9B2V5;Q9B2W7|ENSEMBL:ENSP00000354632|REFSEQ:YP_003024031|H-INV:HIT000009804,IV167_R2_MTendo,0.9084,102.47,0.3403,Normalized Area: 3.5390E+6,3539040,light,MT-ATP6 IPI:IPI00654820.2|SWISS-PROT:P00846|TREMBL:A0S0T0;A0S0Z5;A0S1G1;A0S2B3;A0S2H8;A0S2R9;A0S2V8;A0S3K5;A0S3X2;A0S437;A0S525;A0S590;A0SB36;A0SBS0;A0SBX2;A0SCX3;A1DTA5;A1DTI3;A1DV99;A1DVF1;A1E1E3;A1E1T6;A1Z496;A1Z4E8;A1Z4G1;A1Z4L3;A1Z519;A3FPA1;A3R0R5;A4GWW2;A4GYN0;A4LB80;A4ZLA9;A4ZLL3;A4ZM04;A4ZM68;A4ZYE7;A5JYK3;A6YUI6;A6YUS7;A6YUU0;A6YVN9;A6YVQ2;A6YVS8;A6YW31;A6YW69;A6YWX8;A6YX94;A6YXS6;A6YYN7;A6Z2Z4;A6Z4T0;A6Z571;A6Z659;A6Z698;A6Z6R7;A6Z7D7;A6Z7G3;A6ZB88;A6ZC37;A6ZCZ8;A6ZEL8;A6ZET3;A6ZEV9;A6ZF88;A6ZFB4;A6ZG24;A6ZGJ0;A6ZHM2;A6ZHP8;A6ZIR4;A7LDA2;A7XSM8;A7XTK2;A7XTZ0;A7XUC2;A8JLH9;A8QT67;A8QTE5;A8R1T6;A8WDK6;A8WE09;A8WF83;B0EWL8;B0Z6X9;B1NTU9;B1NU66;B1NUN5;B1PI24;B1PIH2;B1W8I7;B2CB26;B2CB39;B2D0N3;B2D398;B2D3Q0;B2D4T1;B2D5C6;B2KLD7;B2KLM8;B2KLT0;B2KLZ5;B2MXH9;B2MYP5;B2MZ39;B2MZ69;B2WS29;B2XEH8;B2XEL7;B2XER9;B2XEZ6;B2XFD8;B2XG09;B2XGZ3;B2XHD6;B2XHM6;B2XI44;B2XK18;B2XKM6;B2XKN9;B2XKS8;B2XM45;B2XNF9;B2XNN7;B2XQ41;B2Y9B5;B2Y9P5;B2YAA3;B2YBN4;B2YI96;B2Z4U9;B2Z592;B2Z680;B3DE47;B3DE99;B4YBA8;B4YBC1;B4YD67;B4YG72;B5M7I3;B5M7X6;B5M880;B6RGC6;B7TCM6;B7TPA5;B7ZIX9;B8R3B7;B8RFM5;B8X4J0;B8X5R9;B8XYH1;B8XZR3;B9EDU5;B9EDY4;B9EEV9;B9EFL9;B9EFX3;B9U5I9;C0LJY4;C0LU52;C5MN37;C7AAU4;C7B333;C7B3W8;C7SJA0;C7SJU5;C8CCX8;C8CCZ1;C8XV02;C8XV28;C8Y007;C8Y0Y2;C8Y3L8;C8Y5J4;C8Y6T6;C8YCE9;C8YDR7;C8YFB3;C8YGB4;C8YHY6;C8YI12;C9D5C7;C9D5T3;C9D637;C9D6E1;D0UTS2;D0UTW1;D0UTX4;D0V1V0;D0VDU7;D1G3Z7;D2Y572;D2Y6Y4;D2Y6Y5;D2Y6Y7;D3KAZ0;D3KD25;D3WYZ0;D3WYZ1;D3WZ05;D5I7T1;D5I7X0;D5I8A0;D5I8G5;D5K701;D6BZD4;D6BZN8;D6C298;D6N3H7;D6N474;D6N5X2;D6N624;D6N7S2;D6R5P7;D6R5S3;D6R6F7;D6R7T3;D7NM56;D7NMA8;D7NMC1;D7NUP8;D7P9D3;D7P9F9;D7P9H2;D7P9M4;D7PAH3;D7SF29;D8L1J0;D8L327;D8L392;D8L3B8;D8L3N5;D8L4E5;D9MYY6;D9MZX0;E0AE28;O21101;Q06TP8;Q06U80;Q06UF8;Q09U65;Q0VV07;Q0VV46;Q0VW08;Q0VXH8;Q0Z7G2;Q0Z7K1;Q0Z7R3;Q0ZEN3;Q0ZFE3;Q0ZFG9;Q0ZK68;Q0ZK81;Q14XY3;Q14Y84;Q15GW9;Q15IK2;Q15IL5;Q15IZ5;Q1ZY36;Q27GX8;Q2HK02;Q2HL42;Q2HL94;Q2HLF6;Q2HLG7;Q2LH31;Q2LHW7;Q305A3;Q3HRI8;Q3S988;Q4EWN3;Q4EWS2;Q4EXF6;Q4EXG9;Q4EXI2;Q4EXN4;Q4EXV0;Q4EYJ6;Q4EYS4;Q4EZ28;Q4F0E6;Q4F0F9;Q4F0V2;Q4F296;Q4F2Y0;Q4F3R6;Q4F3S9;Q4F407;Q4F459;Q4F4D7;Q4F4F0;Q4F4R7;Q4F4Z6;Q4F5F1;Q4F5G4;Q4F5R8;Q4F5T1;Q4F687;Q4F6K4;Q4G7Q9;Q4G8X5;Q4G8Y8;Q4G992;Q4GD70;Q4GDG1;Q4GDK0;Q4GE32;Q4GEP0;Q4GFH6;Q4GFI9;Q4GFR7;Q4GH61;Q4GIK5;Q4GJ37;Q4GK64;Q4GKG8;Q4GKN3;Q4GL52;Q4GM79;Q4GMY9;Q4GPF9;Q4GPN7;Q4GQ17;Q4GQR4;Q4GQS7;Q4GQZ2;Q4GR31;Q4GR70;Q4GRN9;Q4GSE9;Q4GSG2;Q4GT85;Q4GU60;Q4GUD8;Q4GUH7;Q4GV61;Q4VFB5;Q4VFF2;Q4VFK9;Q4VFM9;Q4VFU7;Q4VGD2;Q4ZEE6;Q4ZEI5;Q4ZEL1;Q4ZF95;Q4ZFC1;Q4ZFD4;Q5S956;Q5S9G0;Q5S9H3;Q5S9J9;Q5S9N8;Q5SA70;Q5SAH4;Q5SAZ3;Q5SB58;Q5SB97;Q5XS83;Q5XSM6;Q5XSY0;Q6R0Z3;Q6RKX7;Q6RKY6;Q6RLN5;Q6RLS1;Q6RLU8;Q6RMK9;Q6RNG3;Q6RNI4;Q6RNJ5;Q6RQ23;Q6RQR1;Q6RQU7;Q6RQW5;Q6RRA9;Q6RRV0;Q6RRX7;Q6UG00;Q6VHA0;Q6VHB0;Q6VHL0;Q6VHW2;Q6VIX0;Q6VJ77;Q6VJI3;Q6VKS1;Q6VL11;Q6VLP4;Q6VLT0;Q7Y6X6;Q7Y788;Q7Y802;Q7Y843;Q7YCD1;Q7YCD5;Q7YCG6;Q7YCH3;Q7YED2;Q7YED3;Q7YED4;Q7YED8;Q7YEE6;Q7YEF3;Q7YEG4;Q7YEG6;Q85KR5;Q85KR7;Q85KT4;Q85KU2;Q85KV7;Q85KY8;Q85KZ2;Q8HBV1;Q8HNQ5;Q8M7T2;Q8WCV8;Q8WCW5;Q8WCX0;Q8WCX3;Q9B185;Q9B1A9;Q9B1D3;Q9B1K9;Q9B1L8;Q9B2U2;Q9B2V5;Q9B2W7|ENSEMBL:ENSP00000354632|REFSEQ:YP_003024031|H-INV:HIT000009804,Tax_Id=9606 Gene_Symbol=MT-ATP6 ATP synthase subunit a,ATP6_HUMAN
LITTQQWLIK,MT-ATP6 ATP6 ATPASE6 MTATP6,MT-ATP6 IPI:IPI00654820.2|SWISS-PROT:P00846|TREMBL:A0S0T0;A0S0Z5;A0S1G1;A0S2B3;A0S2H8;A0S2R9;A0S2V8;A0S3K5;A0S3X2;A0S437;A0S525;A0S590;A0SB36;A0SBS0;A0SBX2;A0SCX3;A1DTA5;A1DTI3;A1DV99;A1DVF1;A1E1E3;A1E1T6;A1Z496;A1Z4E8;A1Z4G1;A1Z4L3;A1Z519;A3FPA1;A3R0R5;A4GWW2;A4GYN0;A4LB80;A4ZLA9;A4ZLL3;A4ZM04;A4ZM68;A4ZYE7;A5JYK3;A6YUI6;A6YUS7;A6YUU0;A6YVN9;A6YVQ2;A6YVS8;A6YW31;A6YW69;A6YWX8;A6YX94;A6YXS6;A6YYN7;A6Z2Z4;A6Z4T0;A6Z571;A6Z659;A6Z698;A6Z6R7;A6Z7D7;A6Z7G3;A6ZB88;A6ZC37;A6ZCZ8;A6ZEL8;A6ZET3;A6ZEV9;A6ZF88;A6ZFB4;A6ZG24;A6ZGJ0;A6ZHM2;A6ZHP8;A6ZIR4;A7LDA2;A7XSM8;A7XTK2;A7XTZ0;A7XUC2;A8JLH9;A8QT67;A8QTE5;A8R1T6;A8WDK6;A8WE09;A8WF83;B0EWL8;B0Z6X9;B1NTU9;B1NU66;B1NUN5;B1PI24;B1PIH2;B1W8I7;B2CB26;B2CB39;B2D0N3;B2D398;B2D3Q0;B2D4T1;B2D5C6;B2KLD7;B2KLM8;B2KLT0;B2KLZ5;B2MXH9;B2MYP5;B2MZ39;B2MZ69;B2WS29;B2XEH8;B2XEL7;B2XER9;B2XEZ6;B2XFD8;B2XG09;B2XGZ3;B2XHD6;B2XHM6;B2XI44;B2XK18;B2XKM6;B2XKN9;B2XKS8;B2XM45;B2XNF9;B2XNN7;B2XQ41;B2Y9B5;B2Y9P5;B2YAA3;B2YBN4;B2YI96;B2Z4U9;B2Z592;B2Z680;B3DE47;B3DE99;B4YBA8;B4YBC1;B4YD67;B4YG72;B5M7I3;B5M7X6;B5M880;B6RGC6;B7TCM6;B7TPA5;B7ZIX9;B8R3B7;B8RFM5;B8X4J0;B8X5R9;B8XYH1;B8XZR3;B9EDU5;B9EDY4;B9EEV9;B9EFL9;B9EFX3;B9U5I9;C0LJY4;C0LU52;C5MN37;C7AAU4;C7B333;C7B3W8;C7SJA0;C7SJU5;C8CCX8;C8CCZ1;C8XV02;C8XV28;C8Y007;C8Y0Y2;C8Y3L8;C8Y5J4;C8Y6T6;C8YCE9;C8YDR7;C8YFB3;C8YGB4;C8YHY6;C8YI12;C9D5C7;C9D5T3;C9D637;C9D6E1;D0UTS2;D0UTW1;D0UTX4;D0V1V0;D0VDU7;D1G3Z7;D2Y572;D2Y6Y4;D2Y6Y5;D2Y6Y7;D3KAZ0;D3KD25;D3WYZ0;D3WYZ1;D3WZ05;D5I7T1;D5I7X0;D5I8A0;D5I8G5;D5K701;D6BZD4;D6BZN8;D6C298;D6N3H7;D6N474;D6N5X2;D6N624;D6N7S2;D6R5P7;D6R5S3;D6R6F7;D6R7T3;D7NM56;D7NMA8;D7NMC1;D7NUP8;D7P9D3;D7P9F9;D7P9H2;D7P9M4;D7PAH3;D7SF29;D8L1J0;D8L327;D8L392;D8L3B8;D8L3N5;D8L4E5;D9MYY6;D9MZX0;E0AE28;O21101;Q06TP8;Q06U80;Q06UF8;Q09U65;Q0VV07;Q0VV46;Q0VW08;Q0VXH8;Q0Z7G2;Q0Z7K1;Q0Z7R3;Q0ZEN3;Q0ZFE3;Q0ZFG9;Q0ZK68;Q0ZK81;Q14XY3;Q14Y84;Q15GW9;Q15IK2;Q15IL5;Q15IZ5;Q1ZY36;Q27GX8;Q2HK02;Q2HL42;Q2HL94;Q2HLF6;Q2HLG7;Q2LH31;Q2LHW7;Q305A3;Q3HRI8;Q3S988;Q4EWN3;Q4EWS2;Q4EXF6;Q4EXG9;Q4EXI2;Q4EXN4;Q4EXV0;Q4EYJ6;Q4EYS4;Q4EZ28;Q4F0E6;Q4F0F9;Q4F0V2;Q4F296;Q4F2Y0;Q4F3R6;Q4F3S9;Q4F407;Q4F459;Q4F4D7;Q4F4F0;Q4F4R7;Q4F4Z6;Q4F5F1;Q4F5G4;Q4F5R8;Q4F5T1;Q4F687;Q4F6K4;Q4G7Q9;Q4G8X5;Q4G8Y8;Q4G992;Q4GD70;Q4GDG1;Q4GDK0;Q4GE32;Q4GEP0;Q4GFH6;Q4GFI9;Q4GFR7;Q4GH61;Q4GIK5;Q4GJ37;Q4GK64;Q4GKG8;Q4GKN3;Q4GL52;Q4GM79;Q4GMY9;Q4GPF9;Q4GPN7;Q4GQ17;Q4GQR4;Q4GQS7;Q4GQZ2;Q4GR31;Q4GR70;Q4GRN9;Q4GSE9;Q4GSG2;Q4GT85;Q4GU60;Q4GUD8;Q4GUH7;Q4GV61;Q4VFB5;Q4VFF2;Q4VFK9;Q4VFM9;Q4VFU7;Q4VGD2;Q4ZEE6;Q4ZEI5;Q4ZEL1;Q4ZF95;Q4ZFC1;Q4ZFD4;Q5S956;Q5S9G0;Q5S9H3;Q5S9J9;Q5S9N8;Q5SA70;Q5SAH4;Q5SAZ3;Q5SB58;Q5SB97;Q5XS83;Q5XSM6;Q5XSY0;Q6R0Z3;Q6RKX7;Q6RKY6;Q6RLN5;Q6RLS1;Q6RLU8;Q6RMK9;Q6RNG3;Q6RNI4;Q6RNJ5;Q6RQ23;Q6RQR1;Q6RQU7;Q6RQW5;Q6RRA9;Q6RRV0;Q6RRX7;Q6UG00;Q6VHA0;Q6VHB0;Q6VHL0;Q6VHW2;Q6VIX0;Q6VJ77;Q6VJI3;Q6VKS1;Q6VL11;Q6VLP4;Q6VLT0;Q7Y6X6;Q7Y788;Q7Y802;Q7Y843;Q7YCD1;Q7YCD5;Q7YCG6;Q7YCH3;Q7YED2;Q7YED3;Q7YED4;Q7YED8;Q7YEE6;Q7YEF3;Q7YEG4;Q7YEG6;Q85KR5;Q85KR7;Q85KT4;Q85KU2;Q85KV7;Q85KY8;Q85KZ2;Q8HBV1;Q8HNQ5;Q8M7T2;Q8WCV8;Q8WCW5;Q8WCX0;Q8WCX3;Q9B185;Q9B1A9;Q9B1D3;Q9B1K9;Q9B1L8;Q9B2U2;Q9B2V5;Q9B2W7|ENSEMBL:ENSP00000354632|REFSEQ:YP_003024031|H-INV:HIT000009804,IV167_F2_MTendo,0.906,101.11,2.6488,Normalized Area: 1.0013E+7,3780084,heavy,MT-ATP6 IPI:IPI00654820.2|SWISS-PROT:P00846|TREMBL:A0S0T0;A0S0Z5;A0S1G1;A0S2B3;A0S2H8;A0S2R9;A0S2V8;A0S3K5;A0S3X2;A0S437;A0S525;A0S590;A0SB36;A0SBS0;A0SBX2;A0SCX3;A1DTA5;A1DTI3;A1DV99;A1DVF1;A1E1E3;A1E1T6;A1Z496;A1Z4E8;A1Z4G1;A1Z4L3;A1Z519;A3FPA1;A3R0R5;A4GWW2;A4GYN0;A4LB80;A4ZLA9;A4ZLL3;A4ZM04;A4ZM68;A4ZYE7;A5JYK3;A6YUI6;A6YUS7;A6YUU0;A6YVN9;A6YVQ2;A6YVS8;A6YW31;A6YW69;A6YWX8;A6YX94;A6YXS6;A6YYN7;A6Z2Z4;A6Z4T0;A6Z571;A6Z659;A6Z698;A6Z6R7;A6Z7D7;A6Z7G3;A6ZB88;A6ZC37;A6ZCZ8;A6ZEL8;A6ZET3;A6ZEV9;A6ZF88;A6ZFB4;A6ZG24;A6ZGJ0;A6ZHM2;A6ZHP8;A6ZIR4;A7LDA2;A7XSM8;A7XTK2;A7XTZ0;A7XUC2;A8JLH9;A8QT67;A8QTE5;A8R1T6;A8WDK6;A8WE09;A8WF83;B0EWL8;B0Z6X9;B1NTU9;B1NU66;B1NUN5;B1PI24;B1PIH2;B1W8I7;B2CB26;B2CB39;B2D0N3;B2D398;B2D3Q0;B2D4T1;B2D5C6;B2KLD7;B2KLM8;B2KLT0;B2KLZ5;B2MXH9;B2MYP5;B2MZ39;B2MZ69;B2WS29;B2XEH8;B2XEL7;B2XER9;B2XEZ6;B2XFD8;B2XG09;B2XGZ3;B2XHD6;B2XHM6;B2XI44;B2XK18;B2XKM6;B2XKN9;B2XKS8;B2XM45;B2XNF9;B2XNN7;B2XQ41;B2Y9B5;B2Y9P5;B2YAA3;B2YBN4;B2YI96;B2Z4U9;B2Z592;B2Z680;B3DE47;B3DE99;B4YBA8;B4YBC1;B4YD67;B4YG72;B5M7I3;B5M7X6;B5M880;B6RGC6;B7TCM6;B7TPA5;B7ZIX9;B8R3B7;B8RFM5;B8X4J0;B8X5R9;B8XYH1;B8XZR3;B9EDU5;B9EDY4;B9EEV9;B9EFL9;B9EFX3;B9U5I9;C0LJY4;C0LU52;C5MN37;C7AAU4;C7B333;C7B3W8;C7SJA0;C7SJU5;C8CCX8;C8CCZ1;C8XV02;C8XV28;C8Y007;C8Y0Y2;C8Y3L8;C8Y5J4;C8Y6T6;C8YCE9;C8YDR7;C8YFB3;C8YGB4;C8YHY6;C8YI12;C9D5C7;C9D5T3;C9D637;C9D6E1;D0UTS2;D0UTW1;D0UTX4;D0V1V0;D0VDU7;D1G3Z7;D2Y572;D2Y6Y4;D2Y6Y5;D2Y6Y7;D3KAZ0;D3KD25;D3WYZ0;D3WYZ1;D3WZ05;D5I7T1;D5I7X0;D5I8A0;D5I8G5;D5K701;D6BZD4;D6BZN8;D6C298;D6N3H7;D6N474;D6N5X2;D6N624;D6N7S2;D6R5P7;D6R5S3;D6R6F7;D6R7T3;D7NM56;D7NMA8;D7NMC1;D7NUP8;D7P9D3;D7P9F9;D7P9H2;D7P9M4;D7PAH3;D7SF29;D8L1J0;D8L327;D8L392;D8L3B8;D8L3N5;D8L4E5;D9MYY6;D9MZX0;E0AE28;O21101;Q06TP8;Q06U80;Q06UF8;Q09U65;Q0VV07;Q0VV46;Q0VW08;Q0VXH8;Q0Z7G2;Q0Z7K1;Q0Z7R3;Q0ZEN3;Q0ZFE3;Q0ZFG9;Q0ZK68;Q0ZK81;Q14XY3;Q14Y84;Q15GW9;Q15IK2;Q15IL5;Q15IZ5;Q1ZY36;Q27GX8;Q2HK02;Q2HL42;Q2HL94;Q2HLF6;Q2HLG7;Q2LH31;Q2LHW7;Q305A3;Q3HRI8;Q3S988;Q4EWN3;Q4EWS2;Q4EXF6;Q4EXG9;Q4EXI2;Q4EXN4;Q4EXV0;Q4EYJ6;Q4EYS4;Q4EZ28;Q4F0E6;Q4F0F9;Q4F0V2;Q4F296;Q4F2Y0;Q4F3R6;Q4F3S9;Q4F407;Q4F459;Q4F4D7;Q4F4F0;Q4F4R7;Q4F4Z6;Q4F5F1;Q4F5G4;Q4F5R8;Q4F5T1;Q4F687;Q4F6K4;Q4G7Q9;Q4G8X5;Q4G8Y8;Q4G992;Q4GD70;Q4GDG1;Q4GDK0;Q4GE32;Q4GEP0;Q4GFH6;Q4GFI9;Q4GFR7;Q4GH61;Q4GIK5;Q4GJ37;Q4GK64;Q4GKG8;Q4GKN3;Q4GL52;Q4GM79;Q4GMY9;Q4GPF9;Q4GPN7;Q4GQ17;Q4GQR4;Q4GQS7;Q4GQZ2;Q4GR31;Q4GR70;Q4GRN9;Q4GSE9;Q4GSG2;Q4GT85;Q4GU60;Q4GUD8;Q4GUH7;Q4GV61;Q4VFB5;Q4VFF2;Q4VFK9;Q4VFM9;Q4VFU7;Q4VGD2;Q4ZEE6;Q4ZEI5;Q4ZEL1;Q4ZF95;Q4ZFC1;Q4ZFD4;Q5S956;Q5S9G0;Q5S9H3;Q5S9J9;Q5S9N8;Q5SA70;Q5SAH4;Q5SAZ3;Q5SB58;Q5SB97;Q5XS83;Q5XSM6;Q5XSY0;Q6R0Z3;Q6RKX7;Q6RKY6;Q6RLN5;Q6RLS1;Q6RLU8;Q6RMK9;Q6RNG3;Q6RNI4;Q6RNJ5;Q6RQ23;Q6RQR1;Q6RQU7;Q6RQW5;Q6RRA9;Q6RRV0;Q6RRX7;Q6UG00;Q6VHA0;Q6VHB0;Q6VHL0;Q6VHW2;Q6VIX0;Q6VJ77;Q6VJI3;Q6VKS1;Q6VL11;Q6VLP4;Q6VLT0;Q7Y6X6;Q7Y788;Q7Y802;Q7Y843;Q7YCD1;Q7YCD5;Q7YCG6;Q7YCH3;Q7YED2;Q7YED3;Q7YED4;Q7YED8;Q7YEE6;Q7YEF3;Q7YEG4;Q7YEG6;Q85KR5;Q85KR7;Q85KT4;Q85KU2;Q85KV7;Q85KY8;Q85KZ2;Q8HBV1;Q8HNQ5;Q8M7T2;Q8WCV8;Q8WCW5;Q8WCX0;Q8WCX3;Q9B185;Q9B1A9;Q9B1D3;Q9B1K9;Q9B1L8;Q9B2U2;Q9B2V5;Q9B2W7|ENSEMBL:ENSP00000354632|REFSEQ:YP_003024031|H-INV:HIT000009804,Tax_Id=9606 Gene_Symbol=MT-ATP6 ATP synthase subunit a,ATP6_HUMAN
LITTQQWLIK,MT-ATP6 ATP6 ATPASE6 MTATP6,MT-ATP6 IPI:IPI00654820.2|SWISS-PROT:P00846|TREMBL:A0S0T0;A0S0Z5;A0S1G1;A0S2B3;A0S2H8;A0S2R9;A0S2V8;A0S3K5;A0S3X2;A0S437;A0S525;A0S590;A0SB36;A0SBS0;A0SBX2;A0SCX3;A1DTA5;A1DTI3;A1DV99;A1DVF1;A1E1E3;A1E1T6;A1Z496;A1Z4E8;A1Z4G1;A1Z4L3;A1Z519;A3FPA1;A3R0R5;A4GWW2;A4GYN0;A4LB80;A4ZLA9;A4ZLL3;A4ZM04;A4ZM68;A4ZYE7;A5JYK3;A6YUI6;A6YUS7;A6YUU0;A6YVN9;A6YVQ2;A6YVS8;A6YW31;A6YW69;A6YWX8;A6YX94;A6YXS6;A6YYN7;A6Z2Z4;A6Z4T0;A6Z571;A6Z659;A6Z698;A6Z6R7;A6Z7D7;A6Z7G3;A6ZB88;A6ZC37;A6ZCZ8;A6ZEL8;A6ZET3;A6ZEV9;A6ZF88;A6ZFB4;A6ZG24;A6ZGJ0;A6ZHM2;A6ZHP8;A6ZIR4;A7LDA2;A7XSM8;A7XTK2;A7XTZ0;A7XUC2;A8JLH9;A8QT67;A8QTE5;A8R1T6;A8WDK6;A8WE09;A8WF83;B0EWL8;B0Z6X9;B1NTU9;B1NU66;B1NUN5;B1PI24;B1PIH2;B1W8I7;B2CB26;B2CB39;B2D0N3;B2D398;B2D3Q0;B2D4T1;B2D5C6;B2KLD7;B2KLM8;B2KLT0;B2KLZ5;B2MXH9;B2MYP5;B2MZ39;B2MZ69;B2WS29;B2XEH8;B2XEL7;B2XER9;B2XEZ6;B2XFD8;B2XG09;B2XGZ3;B2XHD6;B2XHM6;B2XI44;B2XK18;B2XKM6;B2XKN9;B2XKS8;B2XM45;B2XNF9;B2XNN7;B2XQ41;B2Y9B5;B2Y9P5;B2YAA3;B2YBN4;B2YI96;B2Z4U9;B2Z592;B2Z680;B3DE47;B3DE99;B4YBA8;B4YBC1;B4YD67;B4YG72;B5M7I3;B5M7X6;B5M880;B6RGC6;B7TCM6;B7TPA5;B7ZIX9;B8R3B7;B8RFM5;B8X4J0;B8X5R9;B8XYH1;B8XZR3;B9EDU5;B9EDY4;B9EEV9;B9EFL9;B9EFX3;B9U5I9;C0LJY4;C0LU52;C5MN37;C7AAU4;C7B333;C7B3W8;C7SJA0;C7SJU5;C8CCX8;C8CCZ1;C8XV02;C8XV28;C8Y007;C8Y0Y2;C8Y3L8;C8Y5J4;C8Y6T6;C8YCE9;C8YDR7;C8YFB3;C8YGB4;C8YHY6;C8YI12;C9D5C7;C9D5T3;C9D637;C9D6E1;D0UTS2;D0UTW1;D0UTX4;D0V1V0;D0VDU7;D1G3Z7;D2Y572;D2Y6Y4;D2Y6Y5;D2Y6Y7;D3KAZ0;D3KD25;D3WYZ0;D3WYZ1;D3WZ05;D5I7T1;D5I7X0;D5I8A0;D5I8G5;D5K701;D6BZD4;D6BZN8;D6C298;D6N3H7;D6N474;D6N5X2;D6N624;D6N7S2;D6R5P7;D6R5S3;D6R6F7;D6R7T3;D7NM56;D7NMA8;D7NMC1;D7NUP8;D7P9D3;D7P9F9;D7P9H2;D7P9M4;D7PAH3;D7SF29;D8L1J0;D8L327;D8L392;D8L3B8;D8L3N5;D8L4E5;D9MYY6;D9MZX0;E0AE28;O21101;Q06TP8;Q06U80;Q06UF8;Q09U65;Q0VV07;Q0VV46;Q0VW08;Q0VXH8;Q0Z7G2;Q0Z7K1;Q0Z7R3;Q0ZEN3;Q0ZFE3;Q0ZFG9;Q0ZK68;Q0ZK81;Q14XY3;Q14Y84;Q15GW9;Q15IK2;Q15IL5;Q15IZ5;Q1ZY36;Q27GX8;Q2HK02;Q2HL42;Q2HL94;Q2HLF6;Q2HLG7;Q2LH31;Q2LHW7;Q305A3;Q3HRI8;Q3S988;Q4EWN3;Q4EWS2;Q4EXF6;Q4EXG9;Q4EXI2;Q4EXN4;Q4EXV0;Q4EYJ6;Q4EYS4;Q4EZ28;Q4F0E6;Q4F0F9;Q4F0V2;Q4F296;Q4F2Y0;Q4F3R6;Q4F3S9;Q4F407;Q4F459;Q4F4D7;Q4F4F0;Q4F4R7;Q4F4Z6;Q4F5F1;Q4F5G4;Q4F5R8;Q4F5T1;Q4F687;Q4F6K4;Q4G7Q9;Q4G8X5;Q4G8Y8;Q4G992;Q4GD70;Q4GDG1;Q4GDK0;Q4GE32;Q4GEP0;Q4GFH6;Q4GFI9;Q4GFR7;Q4GH61;Q4GIK5;Q4GJ37;Q4GK64;Q4GKG8;Q4GKN3;Q4GL52;Q4GM79;Q4GMY9;Q4GPF9;Q4GPN7;Q4GQ17;Q4GQR4;Q4GQS7;Q4GQZ2;Q4GR31;Q4GR70;Q4GRN9;Q4GSE9;Q4GSG2;Q4GT85;Q4GU60;Q4GUD8;Q4GUH7;Q4GV61;Q4VFB5;Q4VFF2;Q4VFK9;Q4VFM9;Q4VFU7;Q4VGD2;Q4ZEE6;Q4ZEI5;Q4ZEL1;Q4ZF95;Q4ZFC1;Q4ZFD4;Q5S956;Q5S9G0;Q5S9H3;Q5S9J9;Q5S9N8;Q5SA70;Q5SAH4;Q5SAZ3;Q5SB58;Q5SB97;Q5XS83;Q5XSM6;Q5XSY0;Q6R0Z3;Q6RKX7;Q6RKY6;Q6RLN5;Q6RLS1;Q6RLU8;Q6RMK9;Q6RNG3;Q6RNI4;Q6RNJ5;Q6RQ23;Q6RQR1;Q6RQU7;Q6RQW5;Q6RRA9;Q6RRV0;Q6RRX7;Q6UG00;Q6VHA0;Q6VHB0;Q6VHL0;Q6VHW2;Q6VIX0;Q6VJ77;Q6VJI3;Q6VKS1;Q6VL11;Q6VLP4;Q6VLT0;Q7Y6X6;Q7Y788;Q7Y802;Q7Y843;Q7YCD1;Q7YCD5;Q7YCG6;Q7YCH3;Q7YED2;Q7YED3;Q7YED4;Q7YED8;Q7YEE6;Q7YEF3;Q7YEG4;Q7YEG6;Q85KR5;Q85KR7;Q85KT4;Q85KU2;Q85KV7;Q85KY8;Q85KZ2;Q8HBV1;Q8HNQ5;Q8M7T2;Q8WCV8;Q8WCW5;Q8WCX0;Q8WCX3;Q9B185;Q9B1A9;Q9B1D3;Q9B1K9;Q9B1L8;Q9B2U2;Q9B2V5;Q9B2W7|ENSEMBL:ENSP00000354632|REFSEQ:YP_003024031|H-INV:HIT000009804,IV167_R2_MTendo,0.9213,102.47,0.3403,Normalized Area: 3.5390E+6,10398521,heavy,MT-ATP6 IPI:IPI00654820.2|SWISS-PROT:P00846|TREMBL:A0S0T0;A0S0Z5;A0S1G1;A0S2B3;A0S2H8;A0S2R9;A0S2V8;A0S3K5;A0S3X2;A0S437;A0S525;A0S590;A0SB36;A0SBS0;A0SBX2;A0SCX3;A1DTA5;A1DTI3;A1DV99;A1DVF1;A1E1E3;A1E1T6;A1Z496;A1Z4E8;A1Z4G1;A1Z4L3;A1Z519;A3FPA1;A3R0R5;A4GWW2;A4GYN0;A4LB80;A4ZLA9;A4ZLL3;A4ZM04;A4ZM68;A4ZYE7;A5JYK3;A6YUI6;A6YUS7;A6YUU0;A6YVN9;A6YVQ2;A6YVS8;A6YW31;A6YW69;A6YWX8;A6YX94;A6YXS6;A6YYN7;A6Z2Z4;A6Z4T0;A6Z571;A6Z659;A6Z698;A6Z6R7;A6Z7D7;A6Z7G3;A6ZB88;A6ZC37;A6ZCZ8;A6ZEL8;A6ZET3;A6ZEV9;A6ZF88;A6ZFB4;A6ZG24;A6ZGJ0;A6ZHM2;A6ZHP8;A6ZIR4;A7LDA2;A7XSM8;A7XTK2;A7XTZ0;A7XUC2;A8JLH9;A8QT67;A8QTE5;A8R1T6;A8WDK6;A8WE09;A8WF83;B0EWL8;B0Z6X9;B1NTU9;B1NU66;B1NUN5;B1PI24;B1PIH2;B1W8I7;B2CB26;B2CB39;B2D0N3;B2D398;B2D3Q0;B2D4T1;B2D5C6;B2KLD7;B2KLM8;B2KLT0;B2KLZ5;B2MXH9;B2MYP5;B2MZ39;B2MZ69;B2WS29;B2XEH8;B2XEL7;B2XER9;B2XEZ6;B2XFD8;B2XG09;B2XGZ3;B2XHD6;B2XHM6;B2XI44;B2XK18;B2XKM6;B2XKN9;B2XKS8;B2XM45;B2XNF9;B2XNN7;B2XQ41;B2Y9B5;B2Y9P5;B2YAA3;B2YBN4;B2YI96;B2Z4U9;B2Z592;B2Z680;B3DE47;B3DE99;B4YBA8;B4YBC1;B4YD67;B4YG72;B5M7I3;B5M7X6;B5M880;B6RGC6;B7TCM6;B7TPA5;B7ZIX9;B8R3B7;B8RFM5;B8X4J0;B8X5R9;B8XYH1;B8XZR3;B9EDU5;B9EDY4;B9EEV9;B9EFL9;B9EFX3;B9U5I9;C0LJY4;C0LU52;C5MN37;C7AAU4;C7B333;C7B3W8;C7SJA0;C7SJU5;C8CCX8;C8CCZ1;C8XV02;C8XV28;C8Y007;C8Y0Y2;C8Y3L8;C8Y5J4;C8Y6T6;C8YCE9;C8YDR7;C8YFB3;C8YGB4;C8YHY6;C8YI12;C9D5C7;C9D5T3;C9D637;C9D6E1;D0UTS2;D0UTW1;D0UTX4;D0V1V0;D0VDU7;D1G3Z7;D2Y572;D2Y6Y4;D2Y6Y5;D2Y6Y7;D3KAZ0;D3KD25;D3WYZ0;D3WYZ1;D3WZ05;D5I7T1;D5I7X0;D5I8A0;D5I8G5;D5K701;D6BZD4;D6BZN8;D6C298;D6N3H7;D6N474;D6N5X2;D6N624;D6N7S2;D6R5P7;D6R5S3;D6R6F7;D6R7T3;D7NM56;D7NMA8;D7NMC1;D7NUP8;D7P9D3;D7P9F9;D7P9H2;D7P9M4;D7PAH3;D7SF29;D8L1J0;D8L327;D8L392;D8L3B8;D8L3N5;D8L4E5;D9MYY6;D9MZX0;E0AE28;O21101;Q06TP8;Q06U80;Q06UF8;Q09U65;Q0VV07;Q0VV46;Q0VW08;Q0VXH8;Q0Z7G2;Q0Z7K1;Q0Z7R3;Q0ZEN3;Q0ZFE3;Q0ZFG9;Q0ZK68;Q0ZK81;Q14XY3;Q14Y84;Q15GW9;Q15IK2;Q15IL5;Q15IZ5;Q1ZY36;Q27GX8;Q2HK02;Q2HL42;Q2HL94;Q2HLF6;Q2HLG7;Q2LH31;Q2LHW7;Q305A3;Q3HRI8;Q3S988;Q4EWN3;Q4EWS2;Q4EXF6;Q4EXG9;Q4EXI2;Q4EXN4;Q4EXV0;Q4EYJ6;Q4EYS4;Q4EZ28;Q4F0E6;Q4F0F9;Q4F0V2;Q4F296;Q4F2Y0;Q4F3R6;Q4F3S9;Q4F407;Q4F459;Q4F4D7;Q4F4F0;Q4F4R7;Q4F4Z6;Q4F5F1;Q4F5G4;Q4F5R8;Q4F5T1;Q4F687;Q4F6K4;Q4G7Q9;Q4G8X5;Q4G8Y8;Q4G992;Q4GD70;Q4GDG1;Q4GDK0;Q4GE32;Q4GEP0;Q4GFH6;Q4GFI9;Q4GFR7;Q4GH61;Q4GIK5;Q4GJ37;Q4GK64;Q4GKG8;Q4GKN3;Q4GL52;Q4GM79;Q4GMY9;Q4GPF9;Q4GPN7;Q4GQ17;Q4GQR4;Q4GQS7;Q4GQZ2;Q4GR31;Q4GR70;Q4GRN9;Q4GSE9;Q4GSG2;Q4GT85;Q4GU60;Q4GUD8;Q4GUH7;Q4GV61;Q4VFB5;Q4VFF2;Q4VFK9;Q4VFM9;Q4VFU7;Q4VGD2;Q4ZEE6;Q4ZEI5;Q4ZEL1;Q4ZF95;Q4ZFC1;Q4ZFD4;Q5S956;Q5S9G0;Q5S9H3;Q5S9J9;Q5S9N8;Q5SA70;Q5SAH4;Q5SAZ3;Q5SB58;Q5SB97;Q5XS83;Q5XSM6;Q5XSY0;Q6R0Z3;Q6RKX7;Q6RKY6;Q6RLN5;Q6RLS1;Q6RLU8;Q6RMK9;Q6RNG3;Q6RNI4;Q6RNJ5;Q6RQ23;Q6RQR1;Q6RQU7;Q6RQW5;Q6RRA9;Q6RRV0;Q6RRX7;Q6UG00;Q6VHA0;Q6VHB0;Q6VHL0;Q6VHW2;Q6VIX0;Q6VJ77;Q6VJI3;Q6VKS1;Q6VL11;Q6VLP4;Q6VLT0;Q7Y6X6;Q7Y788;Q7Y802;Q7Y843;Q7YCD1;Q7YCD5;Q7YCG6;Q7YCH3;Q7YED2;Q7YED3;Q7YED4;Q7YED8;Q7YEE6;Q7YEF3;Q7YEG4;Q7YEG6;Q85KR5;Q85KR7;Q85KT4;Q85KU2;Q85KV7;Q85KY8;Q85KZ2;Q8HBV1;Q8HNQ5;Q8M7T2;Q8WCV8;Q8WCW5;Q8WCX0;Q8WCX3;Q9B185;Q9B1A9;Q9B1D3;Q9B1K9;Q9B1L8;Q9B2U2;Q9B2V5;Q9B2W7|ENSEMBL:ENSP00000354632|REFSEQ:YP_003024031|H-INV:HIT000009804,Tax_Id=9606 Gene_Symbol=MT-ATP6 ATP synthase subunit a,ATP6_HUMAN
